KnessetNum,Year,Month,Day,Diplomacy_score,Ecologics_score,Economics_score,Education_score,Health_score,Security_score,CommitteeSessionID,Number,Topics,CommitteeID
18,2009,05,28,0,0,0,0,0,0,323133,None,,658
18,2009,07,28,0,0,3,4,0,5,328160,None,,653
18,2009,08,05,0,0,0,0,0,0,328440,None,,653
18,2009,09,02,1,0,20,4,0,10,328619,None,,653
18,2009,09,16,0,0,0,0,0,0,328851,None,,653
18,2009,11,02,1,0,15,0,3,1,330379,None,צוות בדיקה לפרק כ"א: היטל בשל צריכת מים עודפת מתוך חוק ההתייעלות הכלכלית (תיקוני חקיקה ליישום התכנית הכלכלית לשנים 2009 ו- 2010) התשס"ט - 2009,653
18,2010,01,18,0,0,0,0,0,0,334110,None,,656
18,2010,05,04,12,1,0,2,6,14,348511,205,ספורט נכים - לרבות ההכנות לאולימפיאדת הנכים,659
18,2009,05,27,0,0,23,7,3,1,324400,None,הקמת ועדת המשנה למאבק בסחר בנשים,662
18,2009,07,15,0,0,0,0,0,0,327381,None,חוק הענקת אזרחות כבוד לחללי מלחמת הקוממיות התש"ע-2010,656
18,2009,05,06,0,0,1,1,2,3,322842,1,בחירת יו"ר הוועדה,668
18,2009,06,17,1,0,1,1,0,2,325616,12,פניות ציבור לגבי תעריפי הגביה הגבוהים של שירותי הכבאות,668
18,2009,09,07,0,0,0,1,0,1,328479,20,פניות ציבור  לגבי סגירת מקווה הטהרה בישוב עשרת,668
18,2009,10,20,0,1,26,2,5,1,328968,23,פניות ציבור לגבי השירות הניתן לאזרחים על ידי חברת הדואר- ישיבת המשך לישיבת הוועדה שהתקיימה בנושא ב-10 ביוני 2009,668
18,2009,11,03,1,0,0,9,212,1,329462,26,פניות ציבור לגי העדר טיפול הולם עבור ילדות ונערות הסובלות מהפרעות אכילה- ישיבת מעקב לישיבת הוועדה שהתקיימה ב- 2/6/2009.,668
18,2011,03,16,0,0,0,2,2,19,408740,96,פניות ציבור בנוגע להערכות להסדרי ההסעות למערת המכפלה בחוה"מ פסח,668
18,2012,03,06,0,0,2,3,68,0,432519,154,פניות ציבור לגבי התנהלות משרד הרישוי בנוגע לביטול תווי חניה לילדים נכים- ישיבת מעקב לישיבה שהתקיימה בנושא ב- 22.12.2010,668
18,2012,02,06,0,0,24,3,115,2,429847,145,פניות ציבור בנוגע לשירותי האמבולנס של מגן דוד אדום:-הסדרת חובות העבר של החייבים-אופן ההתחשבנות עם קופות החולים-טיפול משרדי עורכי הדין בתיקי החייבים-שונות,668
18,2011,11,02,0,0,3,2,3,1,423058,127,פניות ציבור לגבי הערכות משרד התחבורה וחברת אגד להפעלת כרטיס ה"רב קו" בירושלים,668
18,2010,05,04,0,0,1,12,0,6,347813,54,פניות ציבור לגבי השימוש בכרטיסי "רב קו" בתחבורה הציבורית,668
18,2009,09,09,0,0,0,7,1,2,328707,21,פניות ציבור לגבי מערך התחבורה החדש של אגד בירושלים.,668
18,2009,11,04,1,0,3,136,0,6,330256,27,פניות ציבור לגבי התנהלות משרד הרישוי: 1. הקמת מאגר פרטי רכב במשרד הרישוי לעיון הציבור לצורך בדיקת בעלויות קודמות 2. מדיניות רשות הרישוי לגבי הקצאת מבחנים מעשיים. 3. מדיניות רשות הרישוי לגבי נהגים שלא מחדשים את רישיונם במועד. ישיבת מעקב לישיבה מה- 3/8/2009,668
18,2009,06,24,0,1,102,2,0,0,326037,14,התנהלות רשם העמותות כלפי העמותות- אמצעי תשלום תדירות הביקורות ועוד.,668
18,2009,10,27,0,0,39,0,1,0,329730,24,פניות ציבור לגבי תגמולי עובדי מס הכנסה.,668
18,2009,11,10,1,0,8,0,2,0,329793,29,פניות ציבור לגבי השירות הניתן במוקד הטלפוני של המוסד לביטוח לאומי. ישיבת מעקב לישיבה שהתקיימה בנושא ב-7/7/2009.,668
18,2009,06,16,0,34,0,3,19,6,325112,11,פניות ציבור לגבי זיהום אויר בעתלית,668
18,2009,11,17,0,4,5,8,0,4,331320,31,פניות ציבור של העמותות שמחלקות מזון לנזקקים על הקשיים בקבלת סיוע לפעילותן מצד משרדי ממשלה.,668
18,2009,10,13,0,0,0,0,0,0,328538,22,פניות ציבור לגבי התנהלות רשות המיסים כלפי הורים לילדים נכים. ישיבת המשך לישיבת הוועדה שהתקיימה בנושא ב-3 ביוני 2009.,668
18,2009,12,24,0,0,18,0,0,1,333445,38,סיור וישיבת ועדה בנושא: פניות ציבור לגבי השירות הניתן לאזרחים על ידי חברת הדואר"- ישיבת מעקב לישיבות מה- 10/6/2009 ומה- 20/10/2009,668
18,2009,11,18,0,0,1,23,72,0,330625,32,פניות ציבור לגבי ביצוע בדיקות "סינון שמיעה" ליילודים בבתי החולים. ישיבת מעקב לישיבה שהתקיימה בנושא ב- 26 במאי 2009.,668
18,2010,01,05,0,0,10,2,0,1,332920,40,פניות ציבור בעניין קריסתה של חברת השירות "תדיראן אמפא" והשירות הניתן על ידי חברת קריסטל למבוטחי "תדיראן אמפא". ישיבת המשך לישיבות הוועדה שהתקיימו בנושא ב- 27 במאי 2009 וב- 21 ביולי 2009.,668
18,2010,01,20,0,0,5,4,4,0,334807,43,פניות ציבור בנושא הטיפול בניצולי שואה מצד גורמים שונים האמונים על כך,668
18,2009,11,10,0,0,1,5,50,0,329791,28,פניות ציבור לגבי הגדרת נכויות אצל ילדים- הצעה לקבוע "נכות לילדים" במקרים של נכות לצמיתות ולא לקבוע רק "זכאות לגמלת ילד נכה".,668
18,2010,02,23,5,0,0,2,0,7,337830,48,פניות ציבור בנושא הקמת מוקד שליטה ודיווח לאזרחים בדבר מצב התנועה בירושלים,668
18,2010,03,15,1,0,3,20,4,16,342810,50,התנהגות צרכנית נבונה בקרב הציבור,668
18,2009,12,29,0,1,2,1,2,4,333075,39,פניות ציבור בנושא גביית כספים בגנים לאומיים ובחופים,668
18,2010,02,09,0,0,5,4,4,3,336084,46,פניות ציבור לגבי השירות הניתן על ידי חברות הכבלים והלווין,668
18,2009,12,07,0,0,5,2,0,23,332550,34,פניות ציבור לגבי ההשלכות הכספיות והמעשיות כתוצאה מהחלטת הממשלה על הקפאת הבנייה.,668
18,2009,12,09,0,0,4,0,73,1,329308,36,פניות ציבור בנוגע לשירותי האמבולנס של מגן דוד אדום- ישיבת המשך לישיבת הוועדה מה-23 ביוני 2009,668
18,2009,11,17,0,0,40,18,0,51,330646,30,פניות ציבור לגבי סגירתה של מכללת אלבאום. ישיבת מעקב לישיבות שהתקיימו בנושא ב-19/5/2009 וב- 13/7/2009.,668
18,2010,01,06,0,0,6,6,0,3,334076,41,פניות ציבור בנושא הרעת התנאים לבעלי רישיונות רכב מדרגה 02,668
18,2010,02,02,5,0,16,1,70,2,335453,45,פניות ציבור בנושא הטיפול בניצולי שואה מצד גורמים שונים האמונים על כך- ישיבת המשך לישיבה שהתקיימה בנושא ב- 20/1/2010.,668
18,2009,08,03,0,0,1,79,0,8,328172,19,פניות ציבור לגבי התנהלות משרד הרישוי: 1. הקמת מאגר פרטי רכב במשרד הרישוי לעיון הציבור לצורך בדיקת בעלויות קודמות. 2. מדיניות רשות הרישוי לגבי הקצאת מבחנים מעשיים (טסטים). 3. מדיניות רשות הרישוי לגבי נהגים שלא מחדשים את  רישיונם במועד.,668
18,2010,06,01,1,1,106,1,0,11,354870,58,פניות ציבור לגבי אי כיבוד המחאות על ידי חברות הסליקה,668
18,2009,12,08,0,0,33,4,0,1,331956,35,פניות ציבור לגבי התנהלות רשם העמותות כלפי העמותות- אמצעי תשלום תדירות הביקורות ועוד. ישיבת המשך לישיבה שהתקיימה בנושא ב-24 ביוני 2009.,668
18,2010,05,11,1,0,1,0,15,17,350430,55,פניות ציבור בנושא ייבוא רכבים למטרות הצלה לגופים העוסקים בכך. ,668
18,2010,06,15,0,2,15,13,27,1,359038,60,פניות ציבור של הורים לילדים נכים המבקשים את השתתפות המדינה בקצבת שר"מ- קצבה למימון עובד זר,668
18,2009,06,02,0,1,5,11,198,2,324489,7,פניות ציבור לגבי העדר טיפול הולם עבור ילדות ונערות הסובלות מהפרעות אכילה ישיבת מעקב.,668
18,2010,05,26,0,0,29,2,1,23,353095,57,פניות  ציבור בנושא ועדת תובענות לגבי הקפאת הבנייה,668
18,2010,07,13,0,0,1,0,184,4,356611,64,פניות ציבור לגבי תשלום תשלום בחניוני בתי החולים עבור מבקרים מקרבה ראשונה של חולים שמאושפזים תקופה ממושכת- ישיבת מעקב לישיבה שהתקיימה ב- 3/3/2010,668
18,2010,10,26,0,0,1,6,3,23,391096,67,1. פניות ציבור בנוגע לקריסת מערך הערכות לקליטת ההמונים במתחם קבר רחל ביום ההילולה והערכות לאירועים מיוחדים במקומות קדושים ובקברי צדיקים. 2. פניות ציבור לגבי נגישות נכים למקומות הקדושים ולקברי צדיקים. ,668
18,2010,05,03,0,0,72,2,0,3,348497,53,קביעת שכר לעובדים במס הכנסה,668
18,2011,06,01,0,0,0,3,0,35,412435,106,פניות ציבור לגבי עיכוב נהגים במחסומים בכניסות משטחי יו"ש,668
18,2011,06,21,4,0,2,1,8,9,413637,110,פניות ציבור לגבי השירות הניתן בחברות התעופה לאוכלוסיות בעלי צרכים מיוחדים- ישיבת מעקב לישיבה שהתקיימה ב- 8/2/2011,668
18,2011,06,29,3,1,5,7,64,3,413924,112,פניות ציבור בנוגע למחירי תרכובות המזון לתינוקות (תמ"ל)- ישיבת מעקב לישיבה שהתקיימה בנושא ב- 1/3/2011,668
18,2011,05,17,0,0,20,1,5,4,411230,101,פניות ציבור בנוגע לשירות הלקוחות בחברות הסלולר: שירות טלפוני זמני המתנה בנקודות השירות מעקב וטיפול אחר גניבת מכשירים. ,668
18,2011,07,05,0,0,3,5,263,3,414593,113,פניות ציבור בנוגע לתעריפי הטיפול הפסיכולוגי,668
18,2011,05,18,0,0,0,1,9,5,411197,103,פניות ציבור בנוגע לבעיית החנייה עבור נכים בחניון הכותל המערבי. ,668
18,2011,02,28,0,1,6,1,5,3,407895,93,פניות ציבור לגבי ביטוחי רכב לנכים,668
18,2011,01,18,1,0,66,7,5,5,405102,84,פניות ציבור לגבי התנהלות המוסד לביטוח לאומי בנוגע לקביעת קריטריונים להגדרת הכנסה על פי חוק הבטחת הכנסה. ,668
18,2011,05,31,0,0,0,0,0,2,412423,105,פניות ציבור של תושבי שכונת הר שמואל שבגבעת זאב לוועדה לפניות הציבור,668
18,2011,04,11,1,0,3,3,0,2,410196,99,פניות ציבור בנושא הכשל בתחבורה הציבורית בימי פורים והערכות התחבורה הציבורית לקראת חוה"מ פסח התשע"א,668
18,2011,06,05,0,0,0,2,2,0,412735,107,פניות ציבור לגבי החוף הנפרד בתל-אביב,668
18,2011,04,06,0,0,5,6,0,1,410062,98,פניות ציבור של עמותות לגבי מועד הגשת בקשות לתמיכה. ,668
18,2012,01,30,3,0,0,5,131,1,430139,143,פניות ציבור לגבי סיוע משרד הבריאות לילדים נכים בעזרים רפואיים,668
18,2012,03,05,0,0,10,0,0,0,428597,152,פניות ציבור לגבי רכישת רכב לנכים בחברות ליסינג- ישיבת מעקב וסיכום. הישיבות הקודמות בנושא התקיימו ב- 28.11.2011 וב- 4.1.2012. ,668
18,2012,03,05,0,0,0,0,0,2,432513,153,פניות ציבור בנוגע לבקשות להשכרת רכב לנכים מוגבלי תנועה,668
18,2012,03,20,1,0,0,3,44,2,433298,157,פניות ציבור לגבי הארכת רשיונות זמניים למטפלים נפגעי חוק מקצועות הבריאות. ,668
18,2012,01,15,0,1,3,31,4,3,427989,139,סיור וישיבת ועדה ב"בית גנאור" קרית אתא,668
18,2012,02,28,0,0,5,1,2,1,431142,150,פניות ציבור לגבי השימוש בכרטיס ה"רב קו" בחברות התחבורה הציבוריות- ישיבת מעקב לישיבה שהתקיימה בנושא ב- 17.1.2012,668
18,2012,01,17,0,0,14,3,0,8,428834,140,פניות ציבור לגבי השימוש בכרטיס ה"רב קו" בחברות התחבורה הציבוריות. ,668
18,2011,11,21,0,0,0,4,3,0,424654,130,פניות ציבור בנושא הסעות נכים בוגרים למרכזי יום. ,668
18,2011,10,24,0,0,2,3,2,24,422293,125,פניות ציבור בנושא ההערכות המוקדמת לנסיעות לקבר רחל לקראת יום פטירתה שיחול בע"ה ביא' בחשון התשע"ב,668
18,2011,06,15,0,0,2,1,159,2,413109,109,פניות ציבור בנושא היתר לנשים לעבוד כסנטריות בבתי חולים.,668
18,2011,07,27,0,0,5,1,0,0,419317,120,פניות ציבור לגבי משך זמן הטיפול של הרשם לענייני ירושה בבקשות המוגשות למימוש.,668
18,2011,07,13,0,0,0,5,3,2,415071,116,פניות ציבור בעקבות סגירתה של העיר העתיקה לרכבים פרטיים והעדר שאטלים,668
18,2011,03,08,1,1,5,9,116,3,408016,95,פניות ציבור בנושא הוועדות הרפואיות של המוסד לביטוח לאומי. ,668
18,2011,08,03,0,0,1,2,1,0,420141,123,המלצת ועדת הכנסת לחילופין בראשות הוועדה המיוחדת לפניות הציבור בהשתתפות יושב ראש הכנסת- ח"כ ראובן (רובי) ריבלין ויו"ר ועדת הכנסת - ח"כ יריב לוין.,668
18,2009,07,13,0,0,12,26,1,18,327321,16,פניות ציבור לגבי סגירתה של מכללת אלבאום ישיבת המשך לישיבת הוועדה שהתקיימה בנושא ב-19/5/2009.,668
18,2009,07,21,0,0,18,0,0,0,325021,18,פניות ציבור בעניין קריסתה של חברת השירות "תדיראן אמפא" והשירות הניתן על ידי חברת קריסטל למבוטחי "תדיראן אמפא" ישיבת המשך לישיבת הוועדה שהתקיימה בנושא ב- 27/5/2009,668
18,2010,05,17,0,0,0,0,0,4,352138,56,פניות ציבור בדבר ההחלטה לסגור כבישים עירוניים ובין עירוניים לצרכי עבודות תחזוקה. ,668
18,2009,07,21,0,0,0,2,2,15,327711,17,1. פניות ציבור בנושא כביש 38- שער הגיא- בית שמש.  2. פניות ציבור בנושא כביש 444- כביש אלעד,668
18,2010,11,01,2,0,2,0,0,9,392577,69,פניות ציבור לגבי שמירת הבטיחות באתרי עבודה בכבישים- דיון במסגרת יום המחויבות לבטיחות בדרכים,668
18,2010,06,08,0,0,31,7,1,1,352552,59,1. פניות ציבור לגבי רכישת רכב לנכים בחברות ליסינג.2. החזר תשלום אגרת רישוי לנכה בעל רכב ליסינג פרטי. ,668
18,2010,04,28,1,0,3,0,1,1,346070,52,פניות ציבור לגבי איתור נכסים באגף רישום מקרקעין (טאבו) במשרד המשפטים,668
18,2010,11,02,0,0,18,8,14,2,392480,70,פניות ציבור לגבי מציאת פתרונות דיור לנכים הסובלים ממוגבלות פיזית,668
18,2010,12,08,0,0,14,1,71,0,402133,77,פניות ציבור בנוגע לשירותי האמבולנס של מגן דוד אדום- הסדרת חובות העבר של החייבים- ישיבת מעקב לישיבות הוועדה שהתקיימו בנושא ב-9/12/2009 וב- 16/6/2010,668
18,2011,02,21,1,0,15,8,0,0,406682,90,פניות ציבור לגבי קביעת דרוג התשלום במעונות יום משפחתונים וצהרונים בשנת הלימודים תשע"א. ישיבת מעקב לישיבות שהתקיימו בנושא ב- 1/12/2010 וב- 1/2/2011.,668
18,2011,02,01,0,0,0,1,2,4,406018,87,פניות ציבור לגבי התקלה שארעה בחברה בזק ב-25 בינואר 2011. ,668
18,2010,12,28,0,0,8,3,0,1,403820,81,פניות ציבור בנושא המענה הטלפוני של רשות המיסים בישראל- במע"מ במס הכנסה ובמס שבח.,668
18,2011,02,01,1,0,16,7,0,2,405606,86,פניות ציבור לגבי קביעת דרוג התשלום במעונות יום משפחתונים וצהרונים בשנת הלימודים תשע"א- ישיבת מעקב לישיבה שהתקיימה בנושא ב- 1 בדצמבר 2010,668
18,2011,02,23,0,0,3,12,0,3,407213,91,פניות ציבור לגבי נוהל הגשת ובדיקת תלונות במשרד התחבורה. ,668
18,2011,05,24,2,0,0,1,145,0,411838,102,פניות ציבור לגבי קדימות בתורים לילדים לבדיקות דחופות ולניתוחים.,668
18,2010,10,13,0,0,3,0,1,3,388031,65,א. פניות ציבור לגבי איתור נכסים ברשות התאגידים- רשם החברות במשרד המשפטים.ב. פניות ציבור לגבי איתור נכסים באגף רישום מקרקעין (טאבו) במשרד המשפטים- ישיבת מעקב לישיבה שהתקיימה בנושא ב- 28 באפריל 2010. ,668
18,2010,12,14,0,1,3,108,0,1,402969,78,פניות ציבור לגבי התנהלות משרד הרישוי- 1. עלות העמדת רכב המורה למבחן נהיגה. 2. הקמת מאגר מידע לכלי פרטיים לעיון הציבור. ישיבת מעקב לישיבות הוועדה שהתקיימו ב- 3 באוגוסט 2009 וב- 4 בנובמבר 2009. ,668
18,2011,01,11,1,0,1,11,2,1,404585,83,פניות ציבור לגבי השרות הניתן על ידי חברת דן בבני ברק ובפתח תקווה. ,668
18,2011,02,15,2,0,12,16,32,3,406857,89,1. פניות ציבור לגבי התנהלות הרשות לזכויות ניצולי השואה לניצולים.2. פניות ציבור בנושא השימוש של ניצולי שואה בכרטיסי חיוב נטענים- ישיבת המשך לישיבת הוועדה שהתקיימה בנושא ב- 4 בינואר 2011.,668
18,2010,03,03,0,0,1,1,322,4,339170,49,פניות ציבור לגבי תשלום בחניוני בתי החולים עבור מבקרים מקרבה ראשונה של חולים שמאושפזים תקופה ממושכת.,668
18,2010,11,30,2,0,5,14,2,6,396471,75,פניות ציבור לגבי נגישות בתחבורה הציבורית בכלל וברכבת ישראל בפרט,668
18,2010,07,07,0,0,29,4,8,3,366510,63,פניות ציבור לגבי דיירים שמשתתפים בפרוייקט "פינוי בינוי",668
18,2010,03,16,0,0,0,0,0,0,342741,51,פניות ציבור לגבי תשלומי חשבונות בסניפי הדואר,668
18,2011,07,19,0,0,0,54,3,0,415621,117,א. פניות ציבור בנוגע לקריטריונים למימון הסעות ילדים משולבים בחינוך הרגיל והמשך מימון ההסעות מחודש יולי.ב. פניות ציבור לגבי דרישת השלטון המקומי למימון הסעות עבור בוגרים למרכזי שיקום בסך קצבת הניידות שלהם.,668
18,2011,03,01,0,0,7,2,29,1,407903,94,פניות ציבור בנוגע למחירי תרכובות מזון לתינוקות (תמ"ל),668
18,2011,01,04,1,0,19,9,19,0,403838,82,1. פניות ציבור לגבי משך זמן המענה של הרשות לזכויות ניצולי השואה לניצולים.  2. פניות ציבור בנושא השימוש של ניצולי שואה בכרטיסי חיוב נטענים  ,668
18,2011,07,26,0,0,9,2,13,2,419356,119,פניות ציבור לגבי סיוע לנזקקים בתשלום חשבונות המים,668
18,2012,01,23,0,1,2,10,1,25,429496,141,פניות ציבור לגבי מנגנון הפיצויים לתושבי מגרון,668
18,2010,06,16,0,0,15,3,121,0,352512,61,פניות ציבור בנוגע לשירותי האמבולנס של מגן דוד אדום- יישום ההסדר החדש והטיפול בחובות העבר- ישיבת מעקב לישיבת הוועדה שהתקיימה בנושא ב-9/12/2009. ,668
18,2009,06,23,1,0,4,6,221,2,325985,13,פניות ציבור בנוגע לשירותי האמבולנס של מגן דוד אדום. ישיבת מעקב לישיבה שהתקיימה ב- 23 ביולי 2007.,668
18,2010,12,01,0,0,18,7,0,2,400211,76,א. פניות ציבור לגבי קביעת דרוג התשלום במעונות יום משפחתונים וצהרונים בשנת הלימודים תשע"א.ב. המחסור במעונות יום ובמשפחתונים.,668
18,2011,02,08,2,0,1,3,29,4,406230,88,פניות ציבור לגבי השרות שניתן בחברות התעופה לאוכלוסיות בעלי צרכים מיוחדים,668
18,2011,04,12,0,0,3,8,539,3,410016,100,פניות ציבור לגבי תשלום בחניוני בתי החולים עבור מבקרים מקרבה ראשונה של חולים שמאושפזים תקופה ממושכת- ישיבת מעקב וסיכום לישיבות שהתקיימו בנושא ב- 3/3/2010 וב- 13/7/2010,668
18,2010,06,28,0,0,0,7,0,1,363350,62,פניות ציבור לגבי השירות הניתן על ידי חברת סופרבוס במודיעין עילית,668
18,2010,11,15,0,0,4,2,347,2,396838,73,פניות ציבור לגבי שמירה על זכויות המבוטחים בביטוחים משלימים (שב"ן) בקופות החולים,668
18,2011,03,23,0,0,15,4,0,4,408921,97,פניות ציבור לגבי קביעת דרוג התשלום במעונות יום משפחתונים וצהרונים בשנת הלימודים תשע"א. ישיבת מעקב לישיבות שהתקיימו בנושא ב- 1/12/2010 ב-1/2/2011 וב- 21/2/2011. ,668
18,2012,01,31,0,0,1,5,0,1,428599,144,פניות ציבור בנושא הסעות נכים בוגרים למרכזי יום- ישיבת מעקב לישיבה שהתקיימה בנושא ב- 21.11.2011,668
18,2012,01,04,0,0,6,0,0,3,425736,136,פניות ציבור לגבי רכישת רכב לנכים בחברות ליסינג. ישיבת מעקב לישיבה שהתקיימה בנושא ב- 28/11/2011,668
18,2009,07,07,0,0,1,1,4,0,326765,15,פניות ציבור לגבי השירות הניתן במוקד הטלפוני של המוסד לביטוח הלאומי. ישיבת מעקב לישיבות הוועדה שהתקיימו ב-5/12/07 25/2/08 ב-21/7/08 וב- 30/7/08,668
18,2009,12,01,0,0,2,25,65,4,332029,33,א. פניות ציבור לגבי נהלי המכון הרפואי לבטיחות בדרכים בביצוע בדיקת כשירות. ב. פניות ציבור בנושא זימון נכים שאין להם הגדרת נכות צמיתה לועדות ניידות ורפואיות חוזרות,668
18,2010,11,08,4,0,13,21,231,1,393990,71,פניות ציבור של הורים על מצוקותיהם כהורים לפגים לאחר השחרור מהפגיה,668
18,2011,08,02,0,0,32,2,0,0,419902,122,פניות ציבור לגבי גביית חובות העבר על ידי רשות השידור,668
18,2011,11,15,0,1,12,2,1,1,423934,129,פניות ציבור של אזרחים  על השרות הניתן להם על ידי תאגידי המים - אפשרות מתן הנחות לאוכלוסיות נזקקות. ,668
18,2011,08,01,0,0,23,7,2,1,419829,121,פניות ציבור בנושא דרוג התשלום במעונות יום משפחתונים וצהרונים- הפקת לקחים והערכות לקראת פתיחת שנת הלימודים התשע"ב,668
18,2011,11,01,0,0,10,0,5,7,422469,126,פגישת הכרות בין יו"ר הוועדה לפניות הציבור ח"כ דוד אזולאי וחבריה לבין נציבי פניות ציבור בגופים ממלכתיים. ,668
18,2010,10,20,0,0,1,7,2,38,389290,66,פניות ציבור לגבי הסיכון הבטיחותי החמור במחסום הנטוש בכביש רמות 436.,668
18,2011,11,08,0,1,3,3,146,4,423241,128,פניות ציבור של הורים על מצוקותיהם כהורים לפגים לאחר השחרור מהפגיה,668
18,2010,02,16,1,0,23,1,5,3,336816,47,פניות ציבור לגבי השרות הניתן על ידי חברות הסלולר,668
18,2011,05,25,1,0,4,8,69,3,411848,104,פניות ציבור לגבי סיוע ללוקים בתסמונת אנגלמן,668
18,2011,07,12,0,0,1,3,1,0,415067,115,פניות ציבור בנוגע לשלילת מתן הנחה בתחבורה הציבורית לזכאי הבטחת הכנסה. ,668
18,2011,11,28,0,0,28,1,0,0,424953,131,פניות ציבור לגבי רכישת רכב לנכים בחברות ליסינג,668
18,2011,12,20,0,0,4,6,0,44,425740,134,פניות ציבור בנושא העומס במחסום כביש 443 והגישה לגבעת זאב,668
18,2011,07,06,1,0,25,0,4,0,414641,114,פניות ציבור של זכאי משרד השיכון לרכישת דירה  על העדר יכולתם לממש את זכאותם. ,668
18,2010,12,28,0,1,3,1,1,0,403818,80,פניות ציבור לגבי התנהלות מחלקת מלכ"רים ברשות המיסים.,668
18,2010,11,09,0,0,3,6,1,3,394050,72,פניות ציבור של אזרחים על השרות הניתן להם על ידי תאגידי המים,668
18,2011,12,06,0,3,5,3,30,2,425733,132,פניות ציבור של הורים לילדים נכים המבקשים את השתתפות המדינה בקצבת שר"מ- קצבה למימון עובד זר.,668
18,2011,12,19,0,0,2,7,12,4,425738,133,פניות ציבור בנושא הגופים המפקחים על המוסד לביטוח לאומי,668
18,2010,11,23,0,0,9,1,8,2,398611,74,פניות ציבור לגבי השירות הניתן על ידי חברות הכבלים והלווין- ישיבת המשך לישיבת הוועדה שהתקיימה בנושא ב- 9 בפברואר 2010,668
18,2011,09,25,0,0,21,3,0,0,420694,124,פניות ציבור בנושא דרוג התשלום במעונות יום משפחתונים וצהרונים- פתיחת שנת הלימודים התשע"ב. ,668
18,2012,01,10,0,0,5,8,23,2,427811,138,פניות ציבור של הורים לילדים נכים המבקשים את השתתפות המדינה בקצבת שר"מ- קצבה למימון עובד זר- ישיבת המשך לישיבת הוועדה שהתקיימה ב- 6.12.2011,668
18,2010,01,26,0,0,0,2,400,1,335482,44,פניות ציבור לגבי זמני ההמתנה הממושכים לתורים לרופאים מומחים (מקצועיים) בקופות החולים.,668
18,2012,02,13,0,0,8,3,2,1,430692,146,פניות ציבור בנוגע לתשלומי חובות על ידי חברות הגביה.,668
18,2012,02,21,0,0,2,9,15,4,431601,149,סיור וישיבת ועדה במזרח לכיש בנוגע לפניות ציבור של תושבי המקום תושבי גוש קטיף לשעבר,668
18,2012,02,28,0,0,2,1,33,16,431999,151,פניות ציבור לגבי שיקום עברייני מין בשרות בתי הסוהר,668
18,2010,10,27,0,0,9,9,10,4,390891,68,א. פניות ציבור בנוגע למדיניות חברת החשמל לגבי תעריפי חשמל בבתי כנסת.ב. פניות ציבור בנוגע למדיניות חברת החשמל לגבי ביצוע מדידות צריכת חשמל במקום הצרכנות משלוח חשבונות לצרכנים ומדיניות הניתוקים.,668
18,2011,07,20,4,0,7,7,6,0,415623,118,פניות ציבור לקליטת מדענים עולים במכון וולקני.,668
18,2009,05,27,1,0,19,0,0,1,324092,6,פניות ציבור בעניין קריסתה של חברת השירות "תדיראן אמפא" והשירות הניתן על ידי חברת קריסטל למבוטחי "תדיראן אמפא".,668
18,2009,05,20,0,0,2,0,178,0,323517,4,פניות ציבור לגבי אי יישום תקרת דמי השתתפות עצמית עבור תרופות לחולים כרוניים על ידי קופות החולים- ישיבת מעקב.,668
18,2009,05,19,1,0,64,33,8,75,323519,3,פניות ציבור לגבי סגירתה של מכללת אלבאום,668
18,2010,01,11,1,0,0,0,0,1,329874,42,פניות ציבור לגבי סגירת מקווה הטהרה בישוב עשרת- ישיבת מעקב לישיבה שהתקיימה בנושא ב-7/9/2009,668
18,2009,05,26,1,1,0,35,171,0,324083,5,פניות ציבור לגבי ביצוע בדיקות סינון שמיעה ליילודים בבתי חולים.,668
18,2009,05,12,1,1,28,4,27,12,323117,2,פגישת הכרות בין יו"ר הוועדה לפניות הציבור וחבריה לבין נציבי פניות ציבור בגופים ממלכתיים.,668
18,2009,06,03,0,0,5,4,10,0,324492,8,פניות ציבור לגבי התנהלות רשות המיסים כלפי הורים לילדים נכים,668
18,2009,06,09,2,15,1,1,20,1,325178,9,פניות ציבור לגבי פעילות מחצבת הנסון מצפון לישוב אלעד. הישיבה מתקיימת במסגרת יום הסביבה הבינלאומי בכנסת.,668
18,2009,06,10,1,0,32,6,2,1,324992,10,פניות ציבור לגבי השירות הניתן לאזרחים על ידי חברת הדואר,668
18,2012,03,20,0,0,3,1,72,0,431072,156,פניות ציבור לגבי סיוע משרד הבריאות לילדים נכים בעזרים רפואיים- ישיבת מעקב לישיבה שהתקיימה בנושא ב- 30.1.2012,668
18,2012,01,24,0,0,2,6,181,4,429669,142,פניות ציבור בנוגע לנוהל התאמת מכשירי שמיעה,668
18,2011,06,14,0,0,5,8,1,2,413074,108,פניות ציבור בנושא שינוי המדיניות בהתקנת שעוני תעו"ז,668
18,2012,03,06,0,0,1,0,152,1,431042,155,פניות ציבור לגבי תשלום בחניוני בתי החולים עבור מבקרים מקרבה ראשונה של חולים שמאושפזים תקופה ממושכת- בחינת יישום הנוהל בבתי חולים בארץ. ,668
18,2012,01,09,0,0,9,2,0,0,426859,137,פניות ציבור בנושא דרוג התשלום במעונות יום משפחתונים וצהרונים- ישיבת מעקב לישיבה שהתקיימה בנושא ב- 25.9.2011,668
18,2010,12,22,0,0,3,6,60,5,403378,79,פניות ציבור לגבי התנהלות משרד הרישוי בנושאים הבאים:1. ביטול תווי חניה לילדים נכים.2. מתן תווי חניה לנכים בוגרים שמוגבלים בניידות.,668
18,2011,01,25,0,0,0,3,97,1,405386,85,פניות ציבור בנושא האפליה במתן טיפולי שיניים לאוכלוסיית המוגבלים בקהילה,668
18,2011,06,22,0,0,0,1,0,4,413644,111,פניות ציבור לגבי השירות הניתן על ידי משטרת ישראל לנהגים שרכבם מורד מהכביש בשל ליקויי בטיחות. ,668
18,2009,12,22,0,0,179,7,0,2,332949,37,פניות ציבור בנוגע למידת אכיפת חוקי הגנת הפרטיות על ידי תאגידי הבנקים ואחרים,668
18,2011,03,29,0,0,0,0,0,3,409940,377,חוק בתי דין דתיים (יחידות סיוע) התשע"א-2011 ; הצעת חוק בתי דין דתיים (יחידות סיוע) התשס"ט-2009 ,657
18,2011,02,14,0,0,6,7,3,4,406785,340,התאבדותו של שופט בשל עומס העבודה,657
18,2011,03,29,0,0,1,2,85,16,407659,376,הצעת חוק הגנה על הציבור מפני עברייני מין (תיקון - שיקום מניעתי) התש"ע-2009 ; חוק הגנה על הציבור מפני עברייני מין (תיקון מס' 3) התשע"א-2011 ; הצעת חוק המלחמה בפדופיליה התש"ע-2010,657
18,2011,03,29,0,0,5,3,1,4,407660,378,חוק המרכז לגביית קנסות אגרות והוצאות (תיקון מס' 14) התשע"ב-2012,657
18,2011,02,28,1,0,0,1,0,2,407282,351,חוק למניעת פגיעה במדינת ישראל באמצעות חרם התשע"א-2011,657
18,2011,03,07,0,0,0,1,1,20,407640,357,חוק העונשין (תיקון מס' 111) התשע"א-2011,657
18,2011,02,13,0,3,7,1,0,113,406105,338,תקנות חובת המכרזים (התקשרויות מערכת הבטחון) (הוראת שעה) התש"ע-2010 - מעקב,657
18,2011,03,30,0,0,0,0,0,0,407661,380,חוק הבחירות (דרכי תעמולה) (תיקון מס' 29) התשע"א-2011,657
18,2011,02,24,4,0,0,9,1,4,406622,349,הצעה לסדר היום בנושא: "השפה הרשמית של מדינת ישראל" ; הצעת חוק השפה התשס"ט-2009,657
18,2011,03,27,0,0,1,4,0,18,407656,373,בחירת נציגי הוועדה לוועדת הכנסת המשותפת על פי חוק הכללת אמצעי זיהוי ביומטריים ונתוני זיהוי ביומטריים במסמכי זיהוי ובמאגר מידע התש"ע-2009 ; הצעת חוק סדר הדין הפלילי (תיקון מס' 66) (ייעול ההליכים הפליליים) התש"ע-2010,657
18,2011,02,21,0,0,12,11,1,20,405555,345,תקנות הסמים המסוכנים (דרכי הנהלת הקרן לטיפול בנכסים שחולטו) (תיקון) התש"ע - 2010 ; הצעת חוק לייעול האכיפה ולשמירה על ביטחון הציבור (חילוט וסמכויות פיקוח) (תיקוני חקיקה) התשע"א-2011,657
18,2011,03,06,0,0,3,0,0,1,407638,356,תקנות חובת המכרזים (תיקון) התשע"א-2010 - שיקום נזקי השריפה בכרמל,657
18,2011,03,08,1,0,0,0,5,18,407641,358,חוק סדר הדין הפלילי (סמכויות אכיפה - חיפוש בגוף ונטילת אמצעי זיהוי) (תיקון מס' 3) התשע"א-2011,657
18,2011,03,15,0,0,0,6,2,7,407647,363,הצעת חוק לתיקון פקודת התעבורה (תיקון - מאסר מינימום למי שהפקיר אדם שנפגע בתאונה) התשס"ט-2009 ; הצעת חוק לתיקון פקודת התעבורה (מאסר מינימום בשל הפקרת אדם שנפגע בתאונה ואיסור עריכת הסדר טיעון עם הנאשם בעבירה) התשע"א -2010 ; חוק לתיקון פקודת התעבורה (מס' 101) התשע"ב-2011,657
18,2011,03,16,1,0,6,1,0,6,407650,367,חוק מקרקעי ישראל (תיקון מס' 3) התשע"א-2011,657
18,2011,03,22,1,0,0,3,22,30,407651,369,חוק סדר הדין הפלילי (סמכויות אכיפה - חיפוש בגוף ונטילת אמצעי זיהוי) (תיקון מס' 3) התשע"א-2011,657
18,2011,03,22,0,1,0,0,2,3,407652,370,צו חופש המידע (חברה ממשלתית וחברה-בת ממשלתית שאינה רשות ציבורית)(תיקון) התש"ע-2009,657
18,2011,03,28,0,0,0,2,0,22,407658,375,חוק הגנת הפרטיות (תיקון מס' 11) התשע"א-2011,657
18,2011,07,11,0,0,65,13,3,12,413879,428,חוק החברות (תיקון מס' 17) התשע"א-2011,657
18,2011,07,18,0,0,16,6,1,2,413878,431,תקנות הסניגוריה הציבורית (חובת תשלום של זכאים לייצוג) (הוראת שעה) התש"ע- 2010,657
18,2011,07,12,0,0,2,4,0,0,413880,429,תקנות שמאי מקרקעין (תיקון) התשע"א-2011 ; תקנות הירושה (אגרות בתי הדין הדתיים) (תיקון) התשע"א-2011 ; תקנות הירושה (אגרות הרשם לענייני ירושה) (תיקון) התשע"א-2011 ; תקנות המפלגות (אגרות) (תיקון) התשע"א-2011,657
18,2011,06,29,0,7,0,0,1,2,413873,420,צו המועצות המקומיות (עבירות קנס) (תיקון מס'   ) התשע"א-2011 - מועצה מקומית שוהם ; צו סדר הדין הפלילי (ברירת משפט - חוקי עזר לאור יהודה) התשע"א-2011 ; צו העיריות (עבירות קנס) (תיקון מס'  ) התשע"א-2011 - עיריית אלעד ,657
18,2011,07,05,0,0,3,4,6,5,413874,424,חוק העונשין (תיקון מס' 113) התשע"ב-2012,657
18,2011,05,23,0,0,1,18,16,9,410974,391,חוק בתי המשפט (תיקון מס' 62) התשע"א-2011 ; חוק הגנה על הציבור מפני עברייני מין (תיקון מס' 3) התשע"א-2011,657
18,2011,05,24,0,0,0,0,8,13,410975,392,חוק למניעת העסקה של עברייני מין במוסדות מסוימים (תיקון מס' 7) התשע"א-2011,657
18,2011,05,24,0,0,0,0,0,3,410976,393,תקנות בתי המשפט (אגרות) (תיקון) התשע"א-2010,657
18,2011,05,25,0,0,14,5,0,1,410977,394,חוק המרכז לגביית קנסות אגרות והוצאות (תיקון מס' 13) התשע"ב-2011,657
18,2011,08,15,0,0,0,0,0,0,420641,446,תיקון טעות בחוק הנוער (טיפול והשגחה) (תיקון מס' 20) התשע"א-2011,657
18,2011,11,07,0,0,2,7,0,11,423236,465,הצעת חוק סדר הדין הפלילי (סמכויות אכיפה - מעצרים) (תיקון מס' 7) (חזקת המלטות מן הדין וחזקת מסוכנות) התש"ע-2009,657
18,2012,01,16,3,0,2,11,1,14,427753,530,הצעת חוק סדר הדין הפלילי (תיקון מס' 65) (הסדר טיעון) התש"ע-2010 ; חוק סדר הדין הפלילי (תיקון מס' 66) התשע"ב-2012,657
18,2012,01,17,26,0,1,8,3,70,427755,532,הצעת חוק הפטנטים (תיקון מס' 10) התשע"א-2010,657
18,2012,01,17,0,0,0,0,0,1,427756,533,צו בתי המשפט (שינוי התוספת השלישית לחוק) התשע"א-2011,657
18,2011,11,23,0,0,1,1,0,3,424795,479,חוק בתי המשפט (תיקון מס' 67) התשע"ב-2012,657
18,2011,12,05,0,0,4,1,0,2,425357,490,חוק ההוצאה לפועל (תיקון מס' 36) התשע"ב-2012,657
18,2011,12,06,0,0,0,0,0,1,425358,491,יום זכויות האדם בכנסת,657
18,2011,12,06,0,0,26,4,26,5,425361,492,דיון בנושא "פיתוח חלופות לאפוטרופסות" לקראת היום הבינלאומי לזכויות אדם של אנשים עם מוגבלויות,657
18,2012,02,01,0,0,0,1,0,0,429892,547,חוק בתי דין רבניים (קיום פסקי דין של גירושין) (תיקון מס' 7) התשע"ב-2012,657
18,2012,03,14,0,0,0,0,0,3,431983,587,הצעת חוק נציב תלונות הציבור על שופטים (תיקון מס' 2) התשע"א-2011,657
18,2012,03,19,0,0,0,1,0,0,431984,589,הצעת חוק המפלגות (תיקון - איסור חברות ביותר ממפלגה אחת) התשס"ט-2009 ; הצעת חוק המפלגות (תיקון - איסור חברות ביותר ממפלגה אחת) התש"ע-2010 ; הצעת חוק המפלגות (תיקון - התפקדות לחברות ביותר ממפלגה אחת) התשע"א-2011,657
18,2012,03,19,1,0,10,10,0,0,431987,591,חוק בתי המשפט (תיקון מס' 75) התשע"ד-2014,657
18,2011,09,27,2,1,0,5,3,23,421115,454,הגנה על הציבור מפני עברייני מין קטינים - הערכות לתיקונים בחוק הנוער,657
18,2011,11,14,0,2,2,0,96,6,422175,470,חוק שחרור על-תנאי ממאסר (תיקון מס' 12) התשע"ב-2012,657
18,2012,02,22,0,0,4,3,0,0,429952,567,תקנות פינוי ובינוי (פיצויים)(מינוי שמאי פינוי ובינוי וסדרי דין בבקשות שיוגשו לשמאי פינוי ובינוי) התשע"א-2011 ; תקנות שמאי המקרקעין (אגרות) התשע"א-2011 ; תיקון טעות בחוק בתי המשפט (תיקון מס' 69) התשע"ב-2012,657
18,2011,11,20,4,0,11,6,0,3,423894,474,חוק ההוצאה לפועל (תיקון מס' 36) התשע"ב-2012,657
18,2011,06,28,0,0,0,15,2,19,411038,419,החלת רציפות על הצעת חוק הנוער (שפיטה ענישה ודרכי טיפול) (תיקון מס' 15) (הליך חלופי) התשס"ח-2008,657
18,2011,07,04,0,0,1,6,35,41,413870,422,חוק הגנה על הציבור מפני עברייני מין (תיקון מס' 3) התשע"א-2011,657
18,2011,07,04,0,0,0,1,0,42,413872,423,תקנות חובת המכרזים (העדפת תוצרת הארץ) (הוראת שעה) התשע"א-2011,657
18,2012,01,05,0,0,0,3,0,46,427748,523,אכיפת חוק שוויונית ביהודה ושומרון ; אכיפת החוק ביו"ש ; אכיפת החוק ביו"ש,657
18,2012,01,10,0,0,0,1,47,12,428361,528,החזקת חלקי גופות במשך שנים על ידי המכון הפתולוגי ; החזקת חלקי גופות במשך שנים על ידי המכון הפתולוגי ;  החזקת חלקי גופות במשך שנים על ידי המכון הפתולוגי,657
18,2012,02,21,0,0,0,0,0,0,429948,565,הצעת חוק לשכת עורכי הדין (תיקון מס' 35) (בחירות למוסדות הלשכה) התש"ע-2010,657
18,2012,02,26,0,0,0,3,0,0,431567,569,חוק ההוצאה לפועל (תיקון מס' 38) התשע"ב-2012,657
18,2012,02,27,0,0,0,2,0,0,431568,571,הצעת חוק הרבנות הראשית לישראל (תיקון מס' 5) (הצגת מועמדות לכהונה נוספת של רב ראשי לישראל) התשע"ב-2012,657
18,2011,07,21,0,0,0,24,31,37,415163,434,חוק הגנה על הציבור מפני עברייני מין (תיקון מס' 3) התשע"א-2011,657
18,2011,05,17,0,0,0,0,0,3,410970,386,הצעת חוק לתיקון פקודת מניעת טרור (חילוט רכוש אדם שביצע מעשה טרור) התשס"ט-2009,657
18,2011,07,24,1,0,25,0,0,10,413889,435,צו לשכת עורכי הדין (בטוחות לעניין עורך דין זר) התשע"א - 2011,657
18,2011,07,27,0,0,13,1,0,10,413890,439,חוק ההוצאה לפועל (תיקון מס' 34) התשע"א-2011,657
18,2011,07,25,0,0,1,16,14,33,413891,436,חוק הגנה על הציבור מפני עברייני מין (תיקון מס' 3) התשע"א-2011,657
18,2011,07,26,0,0,0,3,0,15,413892,437,חוק בתי המשפט (תיקון מס' 69) התשע"ב-2012 ; הצעת חוק בתי המשפט (תיקון - הגבלת תוקפם של צווי איסור פרסום) התש"ע-2010 ,657
18,2011,07,26,0,0,0,5,2,41,413893,438,הצעת חוק סדר הדין הפלילי (תיקון מס' 66) (ייעול ההליכים הפליליים) התש"ע-2010,657
18,2012,01,25,0,0,13,4,0,3,427993,541,חוק המרכז לגביית קנסות אגרות והוצאות (תיקון מס' 14) התשע"ב-2012,657
18,2012,02,26,6,0,0,1,32,2,429953,568,חוק הפטנטים (תיקון מס' 10) התשע"ב-2012,657
18,2012,02,20,0,0,0,2,0,0,431565,563,חוק בתי דין רבניים (קיום פסקי דין של גירושין) (תיקון מס' 7) התשע"ב-2012,657
18,2011,06,05,0,0,28,3,0,8,410983,400,צו לשכת עורכי הדין (בטוחות לעניין עורך דין זר) התשע"א - 2011,657
18,2011,10,10,0,2,0,0,0,0,422033,459,צו סדר הדין הפלילי (עבירות קנס - שמירת הנקיון) (תיקון) התשע"א - 2011,657
18,2012,02,01,0,0,1,2,0,1,429894,548,חוק חובת המכרזים (תיקון מס' 21) התשע"ב-2012,657
18,2012,02,05,0,0,0,4,2,4,429897,549,תקנות ההוצאה לפועל (אגרה מיוחדת) (תיקון) התשע''א-2011,657
18,2011,05,17,0,0,0,3,7,21,410971,387,חוק הגנה על הציבור מפני עברייני מין (תיקון מס' 3) התשע"א-2011,657
18,2011,05,18,0,0,3,0,0,0,410972,388,חוק בתי המשפט (תיקון מס' 62) התשע"א-2011,657
18,2011,05,22,0,0,5,0,0,4,410973,389,הצעת חוק שירות המדינה (מינויים) (תיקון מס' 16) (העדפת מי שסיים שירות סדיר) התשע"א-2011,657
18,2011,11,09,0,0,0,0,1,9,422169,468,צו העיריות (עבירות קנס) (תיקון) התשע"א-2011 עיריית ירושלים  ; צו העיריות (עבירות קנס) (תיקון) התשע"א - 2011 - אור יהודה  ; צו המועצות המקומיות (עבירות קנס) (תיקון) התשע"א - 2011- אור יהודה ; צו סדר הדין הפלילי (ברירת משפט - חוקי עזר לאור יהודה) התשע"א-2011 ; צו סדר הדין הפלילי (ברירת משפט - חוקי עזר לכפר סבא) התשע"א-2011,657
18,2011,11,09,0,0,0,0,0,0,422170,469,צו סדר הדין הפלילי (ברירת משפט - חוקי עזר לאלעד) התשע"א-2011 ; צו המועצות המקומיות (עבירות קנס) (תיקון מס' ) התשע"א-2011 - מועצה איזורית בני שמעון ; צו סדר הדין הפלילי (ברירת משפט - חוקי עזר לדימונה) התשע"ב-2011,657
18,2011,12,21,0,0,0,0,0,0,427220,509,תקנות בתי המשפט (אגרות) (תיקון) התשע"ב-2011,657
18,2012,01,18,0,0,0,6,4,0,427757,534,הצעת חוק נציב תלונות הציבור על שופטים (תיקון מס' 2) התשע"א-2011,657
18,2012,01,08,0,0,16,6,2,9,427992,524,תקנות מרשם האוכלוסין (רישומים בתעודת זהות) (תיקון) התשע"ב-2011 ; תקנות מרשם האוכלוסין (תקופת תוקפן ופקיעת תוקפן של תעודות זהות) התשע"ב-2011 ; תקנות מרשם אוכלוסין (תעודה אלקטרונית לאימות) התשע"ב-2011,657
18,2012,01,16,0,0,1,2,0,0,428900,531,חוק המזונות (הבטחת תשלום) (תיקון מס' 8) התשע"ב-2012,657
18,2011,06,05,0,0,1,4,0,11,411017,401,מעקב אחר יישום חוק סדר הדין הפלילי (סמכויות אכיפה - נתוני תקשורת) התשס"ח-2007,657
18,2011,06,22,0,0,0,1,0,1,411028,413,חוק הירושה (תיקון מס' 13) התשע"ב-2012,657
18,2011,07,10,4,0,2,5,17,32,413876,427,חוק הגנה על הציבור מפני עברייני מין (תיקון מס' 3) התשע"א-2011,657
18,2011,07,19,0,0,13,1,0,4,413881,432,תקנות המאבק בארגוני פשיעה (דרכי ניהול רכוש שחולט ומימושו) התשע"א-2011,657
18,2011,07,13,0,0,0,0,0,0,413882,430,חוק הבחירות (דרכי תעמולה) (תיקון מס' 29) התשע"א-2011,657
18,2011,12,07,10,0,0,1,27,9,425362,493,חוק הפטנטים (תיקון מס' 10) התשע"ב-2012,657
18,2011,12,25,0,0,1,5,0,0,425368,511,תקנות חובת המכרזים (תיקון) (תיקון) התשע"ב-2011,657
18,2011,12,21,0,0,2,2,2,1,425370,508,תקנות סדר הדין הפלילי (חיקוקים לענין סעיפים 239 ו- 240) (תיקון) התשע"ב-2011 ; צו העבירות המינהליות (שינוי התוספת לחוק) התשע"א-2011 ; תקנות העבירות המינהליות (קנס מינהלי - תכנון משק החלב בישראל) (תיקון) התשע"א-2011,657
18,2011,12,20,0,0,0,2,0,0,425372,506,חוק להרחבת הייצוג ההולם של בני העדה הדרוזית בשירות הציבורי (תיקוני חקיקה) התשע"ב-2012,657
18,2011,12,13,0,0,0,0,0,4,425373,498,תקנות המרשם הפלילי ותקנת השבים (פרטי רישום שלא יירשמו או שלא יימסר מידע עליהם ועבירות שהרשעה בהן לא תפסיק את תקופות ההתיישנות או המחיקה) (תיקון) התשע"א-2011,657
18,2011,12,19,0,0,0,2,0,3,425374,505,חוק זכויות נפגעי עבירה (תיקון מס' 7) התשע"ב-2011,657
18,2011,12,13,0,0,2,0,0,0,425375,499,תקנות החברות (הוראות לעניין מינוי עובד של חברה לתועלת הציבור שהיא מוסד להשכלה גבוהה לדירקטוריון החברה) התשע"א-2011 ; תקנות העמותות (הוראות לעניין מינוי עובד של עמותה שהיא מוסד להשכלה גבוהה לוועד העמותה) התשע"א-2011,657
18,2011,12,14,0,0,0,0,1,1,425376,501,הצעת חוק שחרור על תנאי ממאסר (תיקון - שחרור אסירים שפעלו על רקע לאומני) התש"ע-2010 ; חוק שחרור על-תנאי ממאסר (תיקון מס' 11) התשע"ב-2012,657
18,2011,12,28,1,0,5,15,0,9,425380,513,תקנות מרשם האוכלוסין (רישומים בתעודת זהות) (תיקון) התשע"ב-2011 ; תקנות מרשם האוכלוסין (תקופת תוקפן ופקיעת תוקפן של תעודות זהות) התשע"ב-2011,657
18,2011,12,20,0,0,3,3,2,16,425381,507,חוק איסור עיקול דמי ליווי לעיוור ותגמולים אחרים (תיקוני חקיקה) התשע"ב-2012,657
18,2012,04,03,0,0,0,0,0,6,433542,596,חוק שחרור על-תנאי ממאסר (תיקון מס' 13) התשע"ב-2012,657
18,2011,11,28,0,0,0,6,1,24,422179,481,הצעת חוק סדר הדין הפלילי (תיקון מס' 66) (ייעול ההליכים הפליליים) התש"ע-2010,657
18,2011,11,27,0,0,0,0,1,9,422180,480,תקנות סדר הדין הפלילי (סמכויות אכיפה - חיפוש בגוף ונטילת אמצעי זיהוי) (המאגר ואבטחתו עיון בו מחיקה ביעור והפקה חוזרת) (תיקון) התשע"א-2011,657
18,2011,08,07,0,0,66,0,1,8,419941,443,חוק המרכז לגביית קנסות אגרות והוצאות (תיקון מס' 13) התשע"ב-2011,657
18,2011,08,10,0,2,129,3,0,6,419943,444,חוק ההוצאה לפועל (תיקון מס' 35) התשע"ב-2011,657
18,2009,06,23,0,41,2,1,0,1,325911,28,צו סדר הדין הפלילי (עבירות קנס - זיהום אוויר מכלי רכב בדרך) (תיקון) התשס"ט-2009,657
18,2009,06,23,0,0,0,0,0,0,325913,29,צו סדר הדין הפלילי (ברירת משפט - חוקי עזר לקרית אונו) התשס"ט-2008,657
18,2009,06,24,0,0,0,1,0,0,326422,31,תקנות חובת המכרזים (הוראת שעה) התשס"ט-2009,657
18,2009,05,13,0,0,0,0,3,16,322966,2,מעקב אחר יישום חוק זכויות נפגעי עבירה התשס"א - 2001,657
18,2009,06,01,0,0,0,5,0,8,324438,11,הצעת ועדת החוקה חוק ומשפט להאריך את תקופת תוקפה של הוראת השעה לפי חוק סדר הדין הפלילי (תיקון מספר 33 והוראת שעה) (תיקון מס' 3) התשס"ה-2005,657
18,2009,06,03,0,0,1,6,1,8,324443,13,חוק העונשין (תיקון מס' 102) התש"ע-2009,657
18,2009,06,08,0,0,0,5,0,36,324538,14,שמירת עקרונות הדמוקרטיה ושלטון החוק בכל הקשור לפינוי אפשרי של מאחזים,657
18,2009,05,18,0,0,7,2,0,1,323466,3,מימון חוות דעת רפואיות לפי תקנות פיצויים לנפגעי תאונות דרכים (מומחים) תשמ"ז-1986,657
18,2009,05,20,0,0,2,7,1,2,323467,5,צו בתי המשפט (סוגי החלטות שלא תינתן בהן רשות ערעור) התשס"ט-2008,657
18,2009,05,27,3,0,6,7,7,0,323899,10,קליטת אקדמאיים ערביים בשירות המדינה,657
18,2009,05,25,3,0,4,1,1,0,323974,6,צו עזרה משפטית בין מדינות (תיקון התוספת השניה לחוק) התשס"ט-2009,657
18,2009,05,26,0,1,6,10,0,0,323976,8,תקנות אימוץ ילדים (כללים למתן הנחה למבקש באימוץ בין ארצי) התשס"ט -2009,657
18,2009,05,19,0,0,2,0,0,29,323593,4,צו שירותי שמירה (סוגי שמירה הטעונים רשיון) (תיקון) התשס"ט-2008 ; צו הנזיקין (שינוי התוספת לפקודה) התשס"ח-2008,657
18,2009,06,02,0,0,0,1,0,0,324441,12,משבר תקנים קשה בבתי הדין השרעים בישראל ; בחירת נציגים לוועדה המשותפת לוועדת החוקה חוק ומשפט ולוועדת הכספים לעניין תקציב החברה לאיתור ולהשבת נכסים של נספי השואה  ; בחירת נציגים לוועדה המשותפת לוועדת החוץ והבטחון ולוועדת החוקה חוק ומשפט לעניין הכרזה על שעת חרום  ; בחירת נציגים לוועדה המשותפת לוועדת הכנסת ולוועדת  החוקה חוק ומשפט לדיון בהצעת חוק סדרי השלטון והמשפט (ביטול החלת המשפט השיפוט והמינהל) (עריכת משאל עם) ,657
18,2009,05,25,0,0,0,1,0,3,324055,7,חוק שיפוט בענייני תעבורה (תשריר - הוראת שעה) התשס"ט-2009,657
18,2009,06,09,0,0,1,2,9,2,324893,16,תכניות לייעול מערכת בתי המשפט בהשתתפות מנהל בתי המשפט השופט משה גל,657
18,2009,05,26,0,0,76,5,7,1,323903,9,מעקב אחר יישום חוק נכסים של נספי השואה (השבה ליורשים והקדשה למטרות סיוע והנצחה) תשס"ו-2005  ,657
18,2009,06,10,0,0,0,0,0,0,324912,19,תקנות העבירות המינהליות (קנס מינהלי - תכנון משק החלב בישראל) התשס"ט-2009 ; צו העבירות המינהליות (שינוי התוספת הראשונה לחוק) התשס"ט-2008,657
18,2009,06,10,0,0,0,0,0,0,324913,18,תקנות העבירות המנהליות (קנס מינהלי - הגנת הצומח זרעים ופיקוח על יצוא הצמח ומוצריו) (תיקון) התשס"ט-2009,657
18,2009,06,10,0,0,0,4,1,2,324914,20,תקנות העבירות המינהליות (קנס מינהלי - תכנון משק החלב בישראל) התשס"ט-2009 ; צו העבירות המינהליות (שינוי התוספת הראשונה לחוק) התשס"ט-2008 ; חוק העונשין (תיקון מס' 102) התש"ע-2009,657
18,2009,06,08,0,0,0,0,1,1,324892,15,חוק בתי המשפט (תיקון מס' 42 והוראת שעה) (תיקון מס' 2) התשס"ט-2009,657
18,2009,06,09,0,0,0,9,0,3,324895,17,צו בתי המשפט (סוגי החלטות שלא תינתן בהן רשות ערעור) התשס"ט-2008,657
18,2009,06,22,0,0,16,5,0,0,325886,26,תקנות ההוצאה לפועל (תיקון מס' 2) התשס"ט-2009,657
18,2009,06,23,0,7,0,2,0,6,325888,27,הסמכה וצו הענקת סמכויות לעובדי המשרד להגנת הסביבה,657
18,2009,06,24,0,0,0,4,0,7,325890,30,חוק העונשין (תיקון מס' 102) התש"ע-2009,657
18,2009,06,15,0,0,0,1,6,6,325342,21,חוק העונשין (תיקון מס' 105) התש"ע-2010 ; הצעת חוק העונשין (תיקון מס' 97) (גניבת ציוד חקלאי ותוצרת חקלאית) התשס"ח-2007 ; הצעת חוק העונשין (תיקון מס' 104) (איומים ותקיפה) התשס"ט-2008,657
18,2009,06,16,0,1,0,0,0,1,325579,24,סגירת המרכז הארצי לגישור,657
18,2009,06,15,0,0,0,0,0,0,325343,22,חוק לשכת עורכי הדין (תיקון מס' 32) (תיקון) התשס"ט-2009,657
18,2009,06,16,0,0,4,6,2,4,325344,23,מפגש עם שר המשפטים פרופ' יעקב נאמן,657
18,2009,06,17,0,0,1,8,10,13,325347,25,חוק העונשין (תיקון מס' 102) התש"ע-2009,657
18,2009,07,27,0,0,11,3,1,0,328027,50,תקנות אימוץ ילדים (כללים למתן הנחה למבקש באימוץ בין ארצי) התשס"ט -2009,657
18,2009,07,28,0,0,1,3,0,14,328032,52,תקנות מרשם האוכלוסין (סדרי רישום) (תיקון) התשס"ט-2009,657
18,2009,07,27,0,0,0,0,0,0,328028,51,תקנות בתי המשפט (אגרות) (תיקון) התשס"ט-2008 ; תקנות בתי הדין לעבודה (אגרות) (תיקון) התשס"ט-2009,657
18,2009,07,08,0,0,8,0,0,3,326966,41,הצעת חוק ההתייעלות הכלכלית (תיקוני חקיקה ליישום התכנית הכלכלית לשנים 2009 ו-2010) התשס"ט-2009 - פרק ט' סעיף 32 - תיעוד חזותי,657
18,2009,07,13,0,8,0,0,0,2,327290,42,צו המועצות המקומיות (עבירות קנס) (תיקון) התשס"ט-2009 - מועצה אזורית מגידו ; צו עיריות (עבירות קנס) (תיקון מס'   ) התשס"ט-2009-עיריית ירושלים,657
18,2009,07,15,0,0,1,0,0,14,327292,43,חוק חובת המכרזים (תיקון מס' 20 - הוראת שעה) התשע"א-2010,657
18,2009,07,02,0,0,71,3,0,1,326510,32,הצעת חוק ההתייעלות הכלכלית (תיקוני חקיקה ליישום התכנית הכלכלית לשנים 2009 ו-2010) התשס"ט-2009 - פרק ל"ד סעיף 247 - הגברת האכיפה של חוק החברות בעניין אגרות ותשלומים לרשם,657
18,2009,07,07,0,0,10,0,0,0,327212,40,הצעת חוק ההתייעלות הכלכלית (תיקוני חקיקה ליישום התכנית הכלכלית לשנים 2009 ו-2010) התשס"ט-2009 - פרק ד' - עורכי דין זרים,657
18,2009,07,05,0,0,14,0,1,10,326720,35,הצעת חוק ההתייעלות הכלכלית (תיקוני חקיקה ליישום התכנית הכלכלית לשנים 2009 ו-2010) התשס"ט-2009 - פרק ט' סעיף 32 - תיעוד חזותי,657
18,2009,07,05,2,0,37,21,3,8,326721,36,הצעת חוק ההתייעלות הכלכלית (תיקוני חקיקה ליישום התכנית הכלכלית לשנים 2009 ו-2010) התשס"ט-2009 - פרק ד' - עורכי דין זרים,657
18,2009,07,06,8,0,21,19,0,8,326723,37,הצעת חוק ההתייעלות הכלכלית (תיקוני חקיקה ליישום התכנית הכלכלית לשנים 2009 ו-2010) התשס"ט-2009 - פרק ד' - עורכי דין זרים,657
18,2009,07,07,1,0,22,0,4,5,326725,39,הצעת חוק ההתייעלות הכלכלית (תיקוני חקיקה ליישום התכנית הכלכלית לשנים 2009 ו-2010) התשס"ט-2009 - פרק ד' - עורכי דין זרים,657
18,2009,07,02,0,0,13,1,0,0,326512,33,הצעת חוק ההתייעלות הכלכלית (תיקוני חקיקה ליישום התכנית הכלכלית לשנים 2009 ו-2010) התשס"ט-2009 - פרק ל"ד סעיף 256 - דירקטורים מקרב העובדים,657
18,2009,07,05,0,0,15,0,4,0,326718,34,הצעת חוק ההתייעלות הכלכלית (תיקוני חקיקה ליישום התכנית הכלכלית לשנים 2009 ו-2010) התשס"ט-2009 - פרק ל"ד סעיף 251 - קנסות ואגרות,657
18,2009,07,07,0,0,13,0,0,0,326724,38,הצעת חוק ההתייעלות הכלכלית (תיקוני חקיקה ליישום התכנית הכלכלית לשנים 2009 ו-2010) התשס"ט-2009 - פרק ל"ד סעיף 251 - קנסות ואגרות,657
18,2009,07,22,0,0,1,0,4,1,327609,47,תקנות פיצויים לנפגעי תאונות דרכים (מומחים) (תיקון) התשס"ט - 2009 ,657
18,2009,07,22,0,0,0,0,0,0,327610,48,תקנות הדיינים (אגרות)(תיקון) התשס"ט-2008,657
18,2009,07,22,0,0,0,0,0,0,327611,49,צו סדר הדין הפלילי (ברירת משפט - חוקי עזר לקרית עקרון) התשס"ט - 2009 ; צו המועצה המקומית (עבירות קנס) ( תיקון) התשס"ט-2009 - מועצה מקומית מגדל העמק,657
18,2009,07,15,0,0,2,0,0,1,327293,44,חוק בתי המשפט (תיקון מס' 42 והוראת שעה) (תיקון מס' 2) התשס"ט-2009,657
18,2009,07,20,3,0,3,7,2,0,327605,45,הצעת חוק-יסוד: הכנסת (תיקון מס' 42) (הפסקת חברות בכנסת של שר) ,657
18,2009,07,21,0,0,0,1,0,1,327606,46,הצעת חוק-יסוד: הכנסת (תיקון מס' 42) (הפסקת חברות בכנסת של שר) ,657
18,2009,12,02,0,0,0,1,0,0,332051,114,חוק שיפוט בענייני התרת נישואין (מקרים מיוחדים וסמכות בין-לאומית) (תיקון מס' 3) התש"ע-2009,657
18,2009,11,25,0,2,0,1,4,2,331555,108,מעקב אחר יישום חוק הליכי חקירה והעדה (התאמה לאנשים עם מוגבלות שכלית או נפשית) התשס"ו-2005,657
18,2009,11,30,3,0,1,0,0,3,332047,109,צו עזרה משפטית בין מדינות (תיקון התוספת השניה לחוק) התשס"ט-2009,657
18,2009,11,30,0,4,1,0,0,8,332048,110,צו איסור הלבנת הון (שינוי התוספת הראשונה לחוק) התשס"ט-2009,657
18,2009,12,01,0,0,0,0,2,2,332049,112,תקנות הפטנטים (נהלי הלשכה סדרי דין מסמכים ואגרות) (תיקון) התשס"ט-2009,657
18,2009,12,01,0,0,0,3,0,8,332050,113,חוק סדר הדין הפלילי (תיקון מס' 60) התש"ע-2010,657
18,2009,12,01,0,0,0,3,4,3,332105,111,מעקב אחר יישום חוק הליכי חקירה והעדה (התאמה לאנשים עם מוגבלות שכלית או נפשית) התשס"ו-2005,657
18,2009,11,24,0,0,3,2,0,0,331678,107,חוק סדר הדין הפלילי (תיקון מס' 60) התש"ע-2010,657
18,2009,11,24,0,0,28,0,1,4,331684,106,תקנות ההוצאה לפועל (תיקון מס' 3) התשס"ט-2009 ,657
18,2009,09,03,0,0,6,12,13,20,328494,62,חוק העונשין (תיקון מס' 102) התש"ע-2009,657
18,2009,09,29,0,0,0,0,0,0,328801,71,בחירת נציג הכנסת לוועדה לאיתור יועץ משפטי לממשלה ,657
18,2009,11,02,1,0,9,1,2,1,330321,91,תקנות ההוצאה לפועל (הוראת שעה) התשס"ט-2009,657
18,2009,09,03,0,0,0,10,0,5,328493,61,הצעת חוק הבחירות לכנסת (תיקון מס' 58) התש"ע-2009,657
18,2009,09,08,0,1,1,0,5,2,328495,63,חוק העמותות (תיקון מס' 12) התש"ע-2009,657
18,2009,09,08,0,0,1,2,0,1,328496,64,חוק העונשין (תיקון מס' 101) התש"ע-2009 ; הצעת חוק העונשין (תיקון מס' 97) (גניבת ציוד חקלאי ותוצרת חקלאית) התשס"ח-2007,657
18,2009,09,17,0,0,0,7,4,17,328839,70,חוק העונשין (תיקון מס' 102) התש"ע-2009,657
18,2009,09,29,0,0,1,2,2,8,328840,72,חוק סדר הדין הפלילי (תיקון מס' 59) התש"ע-2009,657
18,2009,10,14,1,0,6,1,1,6,328920,78,חוק בתי המשפט (תיקון מס' 68) התשע"ב-2012,657
18,2009,09,14,0,0,0,3,0,0,328753,67,חוק העונשין (תיקון מס' 101) התש"ע-2009 ; הצעת חוק העונשין (תיקון מס' 97) (גניבת ציוד חקלאי ותוצרת חקלאית) התשס"ח-2007,657
18,2009,08,05,0,0,44,2,0,0,328418,54,תקנות ההוצאה לפועל (אגרות שכר והוצאות) (תיקון) התשס"ט-2009,657
18,2009,09,02,0,0,1,4,11,24,328492,60,מעקב אחר יישום חוק הגנה על הציבור מפני עברייני מין ; מעקב אחר יישום חוק מגבלות על חזרתו של עבריין מין לסביבת נפגע העבירה התשס"ה - 2004,657
18,2009,09,14,0,0,0,4,43,18,328756,68,חוק העונשין (תיקון מס' 102) התש"ע-2009,657
18,2009,09,16,0,0,2,1,0,1,328502,69,הצעת חוק הרבנות הראשית לישראל (תיקון מס' 3) (סמכות בענייני גיור) התש"ע-2010,657
18,2009,09,14,1,0,2,6,2,51,328501,66,חוק הנזיקים האזרחיים (אחריות המדינה) (תיקון מס' 8) התשע"ב-2012,657
18,2009,10,19,2,0,1,6,2,37,329325,81,חוק הנזיקים האזרחיים (אחריות המדינה) (תיקון מס' 8) התשע"ב-2012,657
18,2009,10,20,0,2,0,0,0,0,329328,83,צו העיריות (עבירות קנס) (תיקון מס' ) התשס"ט-2008 - עירית גבעתיים ; צו המועצות המקומיות (עבירות קנס) (תיקון מס') התשס"ט-2009 - מועצה איזורית משגב ; צו סדר הדין הפלילי (ברירת משפט - חוקי עזר לבאר שבע) התשס"ט-2009,657
18,2009,10,20,0,0,0,4,4,26,329347,84,תשלום מקופת המדינה עבור שוטרים שחויבו בדין אזרחי. ; "עסקת טיעון" בפרשיות אלימות משטרתית נושא יזום לבקשת חבר הכנסת אריה אלדד,657
18,2009,10,12,0,0,0,0,0,0,328924,74,צו העיריות (עבירות קנס) (תיקון מס') התשס"ט-2009 - עיריית רחובות,657
18,2009,10,12,0,0,0,1,0,2,328925,75,הצעת חוק הבחירות לכנסת (תיקון מס' 58) התש"ע-2009,657
18,2009,10,20,0,21,0,0,0,0,329503,82,צו סדר הדין הפלילי (עבירות קנס - זיהום אוויר מכלי רכב בדרך) (תיקון) התשס"ט-2009,657
18,2009,08,05,0,0,6,0,2,0,328393,55,תקנות הסניגוריה הציבורית (שכר טרחה לסניגורים ציבוריים) (הוראת שעה) התשס"ט-2009,657
18,2009,08,06,0,0,7,2,0,2,328394,56,חוק לשכת עורכי הדין (תיקון מס' 34) התש"ע-2009,657
18,2009,08,06,0,0,2,7,0,5,328395,57,חוק סדר הדין הפלילי (סמכויות אכיפה - מעצרים) (היוועדות חזותית - הוראת שעה) (תיקון מס' 2) התש"ע-2009,657
18,2009,09,02,0,0,0,3,0,5,328491,59,הצעת חוק העונשין (תיקון - אינוס על ידי אישה) התשס"ט-2009 ; הצעת חוק העונשין (תיקון מס' 106) (אינוס על ידי אישה) התש"ע-2009,657
18,2009,10,13,0,0,12,2,0,0,328921,77,תקנות בית הדין לעבודה (אגרות) (תיקון) התשס"ט-2009,657
18,2009,10,13,4,0,0,4,0,1,328922,76,חוק ברית הזוגיות לחסרי דת התש"ע-2010,657
18,2009,10,12,0,0,0,0,1,0,328923,73,חוק לשכת עורכי הדין (תיקון מס' 34) התש"ע-2009,657
18,2009,10,19,0,0,0,0,0,3,329322,80,תקנות סדר הדין הפלילי (סמכויות אכיפה - מעצרים) (היוועדות חזותית) (הוראת שעה) (תיקון) התשס"ט - 2009,657
18,2009,10,21,0,0,1,3,5,48,329337,85,תקנות המרשם הפלילי ותקנת השבים (שינויים בתוספת הראשונה והשלישית לחוק) התשס"ח-2008,657
18,2009,10,26,0,0,1,4,16,19,329776,87,הצעת חוק העונשין (תיקון - סייג לאחריות פלילית של עובד ציבור) התשס"ט-2009,657
18,2009,08,05,0,0,0,2,0,0,328391,53,חוק איסור לשון הרע (תיקון מס' 9) התש"ע-2009,657
18,2009,10,27,0,0,1,4,0,1,329777,88,חוק סדר הדין הפלילי (תיקון מס' 59) התש"ע-2009,657
18,2009,10,27,0,0,17,15,3,2,329778,89,חוק החוזים האחידים (תיקון מס' 3) התש"ע-2010,657
18,2009,10,28,0,1,24,6,0,15,329779,90,תקנות ההוצאה לפועל (תיקון מס' 3) התשס"ט-2009  ; צו ההוצאה לפועל (החלת החובה על גורמים מסוימים למסור מידע) התשס"ט-2009,657
18,2009,10,26,1,0,0,9,1,11,329795,86,חוק יסודות התקציב (תיקון מס' 40) התשע"א-2011,657
18,2009,09,09,0,0,1,7,18,7,328722,65,חוק העונשין (תיקון מס' 102) התש"ע-2009,657
18,2009,11,09,2,1,0,6,0,16,330704,95,הצעת חוק לתיקון דיני הראיות (הגנת ילדים) (תיקון מס' 14) התשס"ח-2008,657
18,2009,11,10,0,0,0,7,1,7,330706,96,הצעת חוק העונשין (תיקון מס' 102) התש"ע-2009 - תיקון טעות ; חוק סדר הדין הפלילי (תיקון מס' 60) התש"ע-2010,657
18,2009,11,02,0,0,0,3,2,9,330323,92,הצעת חוק העונשין (תיקון 109) (איסור רכישת משקאות משכרים בעבור קטין) התש"ע-2009,657
18,2009,11,04,0,0,0,1,0,7,330331,94,תקנות המרשם הפלילי ותקנת השבים (אמות מידה לביטול רישומי משטרה) (תיקון) התשס"ט-2009,657
18,2009,11,03,0,0,0,0,0,0,330325,93,חוק איסור לשון הרע (תיקון מס' 9) התש"ע-2009,657
18,2009,08,06,0,0,0,0,0,0,328462,58,צו המועצה המקומית (עבירות קנס) ( תיקון) התשס"ט-2009 - מועצה מקומית מגדל העמק,657
18,2009,11,10,0,0,39,4,2,11,330707,97,תקנות ההוצאה לפועל (תיקון מס' 3) התשס"ט-2009 ,657
18,2009,11,11,0,0,14,5,0,44,330708,99,תקנות המרשם הפלילי ותקנת השבים (שינויים בתוספת הראשונה והשלישית לחוק) התשס"ח-2008,657
18,2009,11,17,0,0,0,0,0,0,331214,102,חוק בתי הדין הדתיים (תיקוני חקיקה) (הרכב ועדת המינויים) התש"ע-2009,657
18,2009,11,23,0,0,13,36,3,23,331544,105,תקנות המרשם הפלילי ותקנת השבים (שינויים בתוספת הראשונה והשלישית לחוק) התשס"ח-2008,657
18,2009,11,10,0,0,0,0,0,0,330997,98,חוק בתי הדין הדתיים (תיקוני חקיקה) (הרכב ועדת המינויים) התש"ע-2009,657
18,2009,11,16,0,0,22,0,0,1,331162,100,תקנות ההוצאה לפועל (הוראת שעה) התשס"ט-2009,657
18,2009,11,16,1,0,0,0,34,4,331164,101,חוק העונשין (תיקון מס' 105) התש"ע-2010 ; הצעת חוק העונשין (תיקון מס' 104) (איומים ותקיפה) התשס"ט-2008,657
18,2009,11,17,0,0,0,0,0,0,331165,103,חוק לשכת עורכי הדין (תיקון מס' 34) התש"ע-2009,657
18,2009,11,18,0,0,1,5,2,30,331166,104,מעקב אחר יישום חוק הגנה על הציבור מפני עברייני מין ; מעקב אחר יישום חוק מגבלות על חזרתו של עבריין מין לסביבת נפגע העבירה התשס"ה - 2004,657
18,2010,01,25,0,0,0,0,0,0,335548,147,חוק העונשין (תיקון מס' 105) התש"ע-2010 ; הצעת חוק העונשין (תיקון מס' 104) (איומים ותקיפה) התשס"ט-2008,657
18,2010,02,02,0,0,1,0,1,23,335789,154,מעקב אחר יישום חוק סדר הדין הפלילי (סמכויות אכיפה - נתוני תקשורת) התשס"ח-2007,657
18,2010,02,03,0,6,0,4,0,11,335791,155,הצעת חוק לתיקון דיני הראיות (הגנת ילדים) (תיקון מס' 14) התשס"ח-2008,657
18,2010,02,08,1,1,13,3,0,10,335816,157,הצעת חוק איסור הלבנת הון (תיקון מס' 7) התשס"ז-2007 - החלק הנותר,657
18,2010,02,09,1,0,2,0,0,0,335817,158,חוק לתיקון פקודת השותפויות (מס' 4) התש"ע-2010,657
18,2010,02,09,0,0,0,3,2,6,335819,159,הצעת חוק העונשין (תיקון מס' 106) (אינוס על ידי אישה) התש"ע-2009,657
18,2010,02,10,2,0,1,4,1,4,335820,160,הצעת חוק לתיקון פקודת האגודות השיתופיות (ועדות קבלה ביישובים קהילתיים בגליל ובנגב) התש"ע-2009 ; חוק לתיקון פקודת האגודות השיתופיות (מס' 8) התשע"א-2011,657
18,2010,02,22,3,0,81,60,1,6,335824,166,הצעת חוק איסור הלבנת הון (תיקון מס' 7) התשס"ז-2007 - החלק הנותר,657
18,2010,01,26,0,0,0,0,0,0,335363,151,צו סדר הדין הפלילי (שינוי התוספת השלישית לחוק) התש"ע-2009,657
18,2010,01,24,0,0,5,6,1,1,335365,146,מאות עמותות נמצאות על סף קריסה עקב אי הנפקת אישור ניהול תקין ; מאות עמותות נמצאות על סף קריסה עקב אי הנפקת אישור ניהול תקין.,657
18,2010,02,02,0,0,3,6,0,6,335786,153,הצעת חוק למניעת העסקה של עברייני מין במוסדות מסויימים (תיקון - הרחבת תחולת המוסדות) התשס"ט-2009 ; חוק למניעת העסקה של עברייני מין במוסדות מסוימים (תיקון מס' 6) התש"ע-2010,657
18,2009,12,28,0,0,0,0,0,0,333734,128,חוק סדר הדין הפלילי (תיקון מס' 60) התש"ע-2010,657
18,2010,01,04,0,0,3,14,0,197,333418,134,היבטים משפטיים ופגיעה בזכויות האזרח בדרך ביצוע צווי הקפאת הבניה בשטחים על ידי משרד הביטחון. ; היבטים משפטיים ופגיעה בזכויות האזרח בדרך ביצוע צווי הקפאת הבניה בשטחים על ידי משרד הביטחון.,657
18,2012,03,28,0,0,0,8,10,2,433503,595,הצעת חוק נציב תלונות הציבור על שופטים (תיקון מס' 2) התשע"א-2011,657
18,2011,05,16,0,0,1,2,0,4,410968,383,הצעת חוק-יסוד: הכנסת (תיקון - תקופת צינון לאנשי תקשורת)  ; הצעת חוק-יסוד: הכנסת (תיקון - תקופת צינון לאנשי תקשורת) ,657
18,2011,05,16,0,0,0,1,0,0,410969,384,חוק ההוצאה לפועל (תיקון מס' 33) התשע"א-2011 ; חוק ההוצאה לפועל (תיקון מס' 29) (תיקון מס' 2) התשע"א-2011,657
18,2011,06,01,1,0,10,0,1,9,411015,399,תקנות הסמים המסוכנים (דרכי הנהלת הקרן לטיפול בנכסים שחולטו) (תיקון) התש"ע - 2010,657
18,2011,05,31,0,0,0,3,0,3,411016,398,חוק העונשין (תיקון מס' 110) התשע"א-2011,657
18,2011,08,02,1,0,1,25,0,20,415164,442,חוק העונשין (תיקון מס' 113) התשע"ב-2012,657
18,2011,08,01,0,0,1,0,1,4,415168,440,הצעת חוק לשכת עורכי הדין (תיקון מס' 35) (בחירות למוסדות הלשכה) התש"ע-2010,657
18,2012,01,10,0,0,1,1,0,7,428388,527,תקנות בתי המשפט (אגרות) (תיקון מס' 2) התשע"א-2011 ; תקנות בית המשפט לענייני משפחה (אגרות) (תיקון) התשע"א-2011 ; תקנות הירושה (אגרות הרשם לענייני ירושה) (תיקון) התשע"א-2011,657
18,2012,02,29,0,0,10,0,0,1,429954,575,תקנות כרטיסי חיוב (תיקון) התשע"ב-2012,657
18,2012,02,27,10,0,3,3,8,40,429955,570,הצעת חוק הפטנטים (תיקון מס' 10) התשע"א-2010,657
18,2012,02,28,1,0,3,7,0,0,429956,572,הנמקת הערעורים של סיעות העבודה יהדות התורה מרצ חד"ש ובל"ד על הודעת הממשלה בדבר רצונה להחיל דין רציפות על הצעת חוק דיני ממונות התשע"א-2011,657
18,2012,02,28,0,0,6,1,0,2,429957,573,הצעת חוק יועץ משפטי למשרדי הממשלה התשס"ט-2009,657
18,2012,02,29,0,0,24,2,0,1,429958,574,חוק שיקים ללא כיסוי (תיקון מס' 9) התשע"ב-2012,657
18,2011,05,29,0,0,0,3,1,1,410978,395,הצעת חוק בית המשפט לענייני משפחה (תיקון מס' 10) התשע"א-2011,657
18,2011,05,22,0,0,0,0,0,0,412077,390,הצעת חוק שירות המדינה (מינויים) (תיקון מס' 16) (העדפת מי שסיים שירות סדיר) התשע"א-2011,657
18,2011,08,02,0,0,0,2,4,12,420037,441,חוק ההוצאה לפועל (תיקון מס' 34) התשע"א-2011 ; חוק הגנה על הציבור מפני עברייני מין (תיקון מס' 3) התשע"א-2011,657
18,2011,09,15,0,0,3,0,0,0,421313,450,חוק המרכז לגביית קנסות אגרות והוצאות (תיקון מס' 13) התשע"ב-2011,657
18,2011,10,31,0,0,10,7,1,0,422159,460,תקנות החברות (הוראות לעניין מינוי עובד של חברה לתועלת הציבור שהיא מוסד להשכלה גבוהה לדירקטוריון החברה) התשע"א-2011 ; תקנות העמותות (הוראות לעניין מינוי עובד של עמותה שהיא מוסד להשכלה גבוהה לוועד העמותה) התשע"א-2011,657
18,2011,11,01,0,0,2,4,0,2,422161,461,תיקון טעות בחוק סדר הדין הפלילי (סמכויות אכיפה - חיפוש בגוף ונטילת אמצעי זיהוי) (תיקון מס' 3) התשע"א-2011 ; חוק בתי דין רבניים (קיום פסקי דין של גירושין) (תיקון מס' 7) התשע"ב-2012 ; הצעת חוק בתי דין רבניים (קיום פסקי דין של גירושין) (תיקון מס' 8) (מתן צווי הגבלה ופיקוח על יישום החלטות בית הדין) התשע"א-2011 ,657
18,2011,11,06,0,0,39,5,0,2,422163,464,צו אישור הלבנת הון (חובות זיהוי דיווח וניהול רישומים של תאגידים בנקאיים למניעת הלבנת הון ומימון טרור) (תיקון) התשע"א-2011,657
18,2011,11,02,0,0,8,7,0,8,422164,463,חוק בית הדין לעבודה (תיקון מס' 43) התשע"ב-2012,657
18,2011,11,01,0,0,26,0,2,10,422165,462,חוק ההוצאה לפועל (תיקון מס' 36) התשע"ב-2012,657
18,2011,11,08,0,0,6,6,5,4,422167,466,הנמקת הערעורים של סיעות העבודה יהדות התורה מרצ חד"ש ובל"ד על הודעת הממשלה בדבר רצונה להחיל דין רציפות על הצעת חוק דיני ממונות התשע"א-2011,657
18,2011,11,08,0,0,0,0,0,2,422168,467,חוק זכויות נפגעי עבירה (תיקון מס' 7) התשע"ב-2011,657
18,2011,12,18,0,0,7,1,0,0,425377,502,תקנות שמאי המקרקעין (אגרות) התשע"א-2011,657
18,2012,01,22,10,0,4,1,35,9,427759,535,חוק הפטנטים (תיקון מס' 10) התשע"ב-2012,657
18,2012,01,25,0,0,0,1,2,17,427765,540,הגנה על הציבור מפני עברייני מין קטינים - הערכות לתיקונים בחוק הנוער,657
18,2012,01,04,0,0,0,0,0,15,427766,521,הצעת חוק סדר הדין הפלילי (תיקון מס' 66) (ייעול ההליכים הפליליים) התש"ע-2010,657
18,2011,07,20,0,1,59,4,2,2,413886,433,חוק המרכז לגביית קנסות אגרות והוצאות (תיקון מס' 13) התשע"ב-2011,657
18,2011,08,11,0,0,0,4,0,23,419945,445,חוק בתי המשפט (תיקון מס' 69) התשע"ב-2012,657
18,2011,09,05,0,0,9,0,0,3,420594,447,חוק המרכז לגביית קנסות אגרות והוצאות (תיקון מס' 13) התשע"ב-2011,657
18,2011,12,05,0,0,0,0,2,6,425356,489,תקנות הפטנטים (יישום האמנה בדבר שיתוף פעולה בענייני פטנטים) (תיקון) התשע"ב-2011,657
18,2011,12,12,0,0,0,0,0,36,425545,496,הצעת חוק סדר הדין הפלילי (תיקון מס' 66) (ייעול ההליכים הפליליים) התש"ע-2010,657
18,2012,01,24,0,0,13,10,0,1,427762,538,תקנות שמאי המקרקעין (אגרות) התשע"א-2011,657
18,2012,01,24,0,0,2,2,0,2,427763,539,חוק הכשרות המשפטית והאפוטרופסות (תיקון מס' 17) התשע"ב-2012,657
18,2012,02,07,1,0,4,2,0,2,429905,553,הצעת חוק נציב תלונות הציבור על שופטים (תיקון מס' 2) התשע"א-2011,657
18,2012,03,04,0,0,0,4,0,2,431965,576,חוק הכשרות המשפטית והאפוטרופסות (תיקון מס' 17) התשע"ב-2012,657
18,2012,03,04,0,0,5,2,0,1,431968,577,חוק להרחבת הייצוג ההולם של בני העדה הדרוזית בשירות הציבורי (תיקוני חקיקה) התשע"ב-2012,657
18,2012,03,05,0,0,2,0,0,0,431969,578,הצעת חוק איסור הלבנת הון (תיקון מס' 7) התשס"ז-2007 - החלק הנותר,657
18,2012,03,18,2,0,3,6,2,2,433380,588,הצעת חוק לתיקון פקודת הנישואין והגירושין (רישום) (מס' 2) (רישום לנישואין של בני זוג יהודים) התשע"ב-2012 ; חוק לתיקון פקודת הנישואין והגירושין (רישום) (מס' 2) התשע"ד-2013,657
18,2012,03,19,0,0,2,0,0,0,433537,590,הצעת חוק לתיקון פקודת הנישואין והגירושין (רישום) (מס' 2) (רישום לנישואין של בני זוג יהודים) התשע"ב-2012 ; חוק לתיקון פקודת הנישואין והגירושין (רישום) (מס' 2) התשע"ד-2013,657
18,2011,05,04,0,0,0,0,2,6,410898,381,צו סדר הדין הפלילי (עבירות קנס - מניעת רעש) (תיקון) בתשע"א-2011,657
18,2011,05,04,0,0,0,0,0,2,410899,382,צו העיריות (עבירות קנס) (תיקון) התשע"א-2011 - עירית יבנה ; צו המועצות המקומיות (עבירות קנס) (תיקון) התשע"א-2011 - עיריית יבנה ; צו המועצות המקומיות (עבירות קנס) (תיקון) התשע"א-2011 - מועצה אזורית אלונה ; צו העיריות (עבירות קנס) (תיקון) התשע"א-2011 - עיריית חיפה,657
18,2011,06,12,0,0,39,1,1,7,411019,404,חוק המרכז לגביית קנסות אגרות והוצאות (תיקון מס' 13) התשע"ב-2011,657
18,2011,11,22,0,0,0,2,0,10,422172,476,תקנות הפטנטים (הארכת תקופת הגנה - סדרי דין בבקשה לצו בהתנגדות לצו ובבקשה לביטול) (תיקון) התשע"א-2011 ; תקנות הפטנטים (נוהלי הלשכה סדרי דין מסמכים ואגרות) התשע"א-2011,657
18,2011,11,15,0,0,8,4,0,8,422173,471,הצעת חוק ההוצאה לפועל (תיקון - איסור עיקול דמי ליווי) התשע"א-2011 ; חוק איסור עיקול דמי ליווי לעיוור ותגמולים אחרים (תיקוני חקיקה) התשע"ב-2012,657
18,2012,03,05,1,0,44,41,1,4,431970,579,צו איסור הלבנת הון (חובות זיהוי דיווח וניהול רישומים של תאגידים בנקאיים למניעת הלבנת הון ומימון טרור) (תיקון) התשע"א-2011,657
18,2011,06,26,0,0,0,1,34,15,411029,414,תקנות העונשין (נשיאת מאסר בעבודות שירות) התשע"א-2011,657
18,2011,06,27,11,0,4,5,5,11,411034,416,חוק למניעת פגיעה במדינת ישראל באמצעות חרם התשע"א-2011,657
18,2011,07,06,0,0,0,3,0,9,411035,426,חוק הנוער (טיפול והשגחה) (תיקון מס' 20) התשע"א-2011,657
18,2011,06,28,0,0,0,0,2,25,411036,418,חוק העונשין (תיקון מס' 111) התשע"א-2011,657
18,2011,11,16,0,0,0,3,1,1,424517,473,הצעת חוק נציגי לשכת עורכי הדין בוועדות המינויים לנושאי משרה שיפוטית (תיקוני חקיקה) התשע"ב-2012,657
18,2011,06,06,0,0,0,2,0,19,411018,402,הצעת חוק סדר הדין הפלילי (תיקון מס' 66) (ייעול ההליכים הפליליים) התש"ע-2010,657
18,2011,06,14,0,0,0,0,1,6,411022,407,חוק הגנה על הציבור מפני עברייני מין (תיקון מס' 2) התשע"א-2011,657
18,2011,06,15,1,0,0,1,5,4,411023,408,הצעת חוק לתיקון פקודת התעבורה (תיקון - מאסר מינימום למי שהפקיר אדם שנפגע בתאונה) התשס"ט-2009 ; הצעת חוק לתיקון פקודת התעבורה (מאסר מינימום בשל הפקרת אדם שנפגע בתאונה ואיסור עריכת הסדר טיעון עם הנאשם בעבירה) התשע"א -2010 ; חוק לתיקון פקודת התעבורה (מס' 101) התשע"ב-2011,657
18,2011,06,19,0,0,1,1,0,1,411024,409,הצעת חוק הגבלת פרסומים (גופים ציבוריים) (תיקון) (איסור פרסום - מודעת תמיכה בבעל תפקיד ציבורי) התשע"א-2011 ,657
18,2011,06,20,0,0,0,7,0,12,411025,410,חוק העונשין (תיקון מס' 113) התשע"ב-2012,657
18,2011,06,21,0,0,0,11,24,25,411026,411,חוק הגנה על הציבור מפני עברייני מין (תיקון מס' 3) התשע"א-2011,657
18,2011,06,21,0,0,0,5,0,16,411027,412,הצעת חוק סדר הדין הפלילי (תיקון מס' 66) (ייעול ההליכים הפליליים) התש"ע-2010,657
18,2011,11,28,0,0,0,0,0,0,422284,482,חוק בתי המשפט (תיקון מס' 67) התשע"ב-2012,657
18,2011,11,30,0,0,4,0,0,0,422285,487,צו חתימה אלקטרונית (תיקון התוספת השנייה לחוק) התשע"א-2011,657
18,2011,12,13,0,0,0,2,19,4,425371,497,חוק שחרור על-תנאי ממאסר (תיקון מס' 12) התשע"ב-2012,657
18,2011,12,13,0,0,1,4,0,0,426213,500,חוק בתי דין רבניים (קיום פסקי דין של גירושין) (תיקון מס' 7) התשע"ב-2012 ; הצעת חוק בתי דין רבניים (קיום פסקי דין של גירושין) (תיקון מס' 8) (מתן צווי הגבלה ופיקוח על יישום החלטות בית הדין) התשע"א-2011 ,657
18,2011,12,21,0,0,1,1,0,3,426214,510,תקנות בתי המשפט (אגרות) (תיקון מס' 2) התשע"א-2011 ; תקנות בית המשפט לענייני משפחה (אגרות) (תיקון) התשע"א-2011 ; תקנות הירושה (אגרות הרשם לענייני ירושה) (תיקון) התשע"א-2011 ; תקנות ההוצאה לפועל (אגרה מיוחדת) (תיקון) התשע''א-2011,657
18,2012,01,01,0,0,0,1,0,6,427743,514,תקנות לעידוד טוהר המידות בשירות הציבור (תיקון) התשע"א-2011 ,657
18,2012,01,01,0,0,0,0,0,1,427744,515,תקנות המאבק בארגוני פשיעה (דרכי ניהול רכוש שחולט ומימושו) התשע"א-2011,657
18,2012,01,03,0,0,4,5,4,1,427745,518,חוק בית הדין לעבודה (תיקון מס' 43) התשע"ב-2012,657
18,2012,01,03,0,0,0,1,0,0,427746,519,תקנות בתי הדין השרעיים (אגרות) (תיקון) התשע"ב-2011 ; תקנות בתי הדין הדתיים הדרוזיים (אגרות) (תיקון) התשע"ב-2011 ; תקנות הדיינים (אגרות) (תיקון) התשע"ב-2011 ; תקנות בית המשפט לענייני משפחה (אגרות) (תיקון) התשע"ב-2011 ; תקנות הירושה (אגרות בתי הדין הדתיים) (תיקון) התשע"ב-2011,657
18,2012,01,02,0,0,3,20,3,5,427747,516,הצעת חוק נציגי לשכת עורכי הדין בוועדות המינויים לנושאי משרה שיפוטית (תיקוני חקיקה) התשע"ב-2012,657
18,2012,01,10,2,0,12,4,0,4,427750,526,הצעת חוק בתי המשפט (בוררות חובה) (הוראת שעה) התשע"א-2011 ; הצעת חוק הבוררות (תיקון - בוררות חובה בתובענה כספית) התשע"א-2011,657
18,2012,01,15,3,0,3,26,8,6,427752,529,הנמקת הערעורים של סיעות העבודה יהדות התורה מרצ חד"ש ובל"ד על הודעת הממשלה בדבר רצונה להחיל דין רציפות על הצעת חוק דיני ממונות התשע"א-2011,657
18,2012,01,23,1,0,2,1,19,0,429593,537,צו הגנת הפרטיות (קביעת גופים ציבוריים (תיקון) התשע"ב - 2011,657
18,2012,03,11,0,0,5,1,0,1,431971,580,חוק בית הדין לעבודה (תיקון מס' 43) התשע"ב-2012,657
18,2012,03,12,0,0,0,3,24,7,431972,583,חוק הפטנטים (תיקון מס' 10) התשע"ב-2012,657
18,2012,03,11,0,0,7,1,0,20,431973,581,חוק איסור הלבנת הון (תיקון מס' 10) התשע"ב-2012,657
18,2012,03,12,0,0,0,4,0,21,431975,582,הגנה על הציבור מפני עברייני מין קטינים - הערכות לתיקונים בחוק הנוער,657
18,2012,03,13,0,0,13,3,0,11,431976,584,צו לשכת עורכי הדין (בטוחות לעניין עורך דין זר) התשע"א - 2011,657
18,2012,03,13,0,0,1,0,0,1,431977,585,חוק חובת המכרזים (תיקון מס' 21) התשע"ב-2012,657
18,2011,05,30,0,0,2,4,0,20,410981,396,חוק העונשין (תיקון מס' 113) התשע"ב-2012 ; חוק למניעת העסקה של עברייני מין במוסדות מסוימים (תיקון מס' 7) התשע"א-2011,657
18,2011,05,31,4,0,0,1,12,20,410982,397,חוק סדר הדין הפלילי (סמכויות אכיפה - חיפוש בגוף ונטילת אמצעי זיהוי) (תיקון מס' 3) התשע"א-2011,657
18,2011,06,13,0,0,0,12,26,39,411020,405,חוק הגנה על הציבור מפני עברייני מין (תיקון מס' 3) התשע"א-2011,657
18,2011,12,04,0,2,4,51,3,0,425355,488,הצעה לסדר-היום בנושא: "בחינות לשכת עורכי הדין",657
18,2011,12,19,0,0,0,0,0,26,425541,504,הצעת חוק העונשין (תיקון מס' 114) (שינוי הוראות לעניין ריגול) התשע"ב-2011,657
18,2011,06,27,0,0,1,0,0,2,414273,415,צו איסור הלבנת הון (שינוי התוספת הראשונה לחוק) התשע"א-2011,657
18,2011,06,06,0,0,0,69,1,0,412365,403,בחינת לשכת עורכי הדין בירושלים ; אחוז מעבר הנמוך ביותר בבחינת לשכת עורכי הדין,657
18,2011,06,29,0,0,3,9,1,2,413897,421,חוק המרכז לגביית קנסות אגרות והוצאות (תיקון מס' 14) התשע"ב-2012,657
18,2012,01,09,0,0,1,3,0,8,427749,525,הצעת חוק האזנת סתר (תיקון מס' 6) התש"ע-2009,657
18,2012,01,23,0,0,0,2,2,3,427761,536,חוק עובדים זרים (תיקון מס' 15) התשע"ב-2012,657
18,2012,01,29,0,0,0,6,0,1,427767,542,צו סדר הדין הפלילי (ברירת משפט - חוקי עזר לאשקלון) התשע"ב-2011 ; צו המועצות המקומיות (עבירות קנס) (תיקון מס' ) התשע"ב-2011 - מועצה איזורית חבל מודיעין ; צו העיריות (עבירות קנס) (תיקון מס' ) התשע"ב-2011 - עיריית רחובות ; צו המועצות המקומיות (עבירות קנס) (תיקון) התשע"א - 2011  מועצה איזורית חוף השרון ,657
18,2012,01,29,0,0,0,0,0,0,427768,543,תקנות לביצוע אמנת האג (ביטול אימות מסמכי חוץ ציבוריים)(תיקון) התשע"ב-2011,657
18,2012,01,30,0,2,0,8,1,7,427769,545,הצעת חוק סדר הדין הפלילי (תיקון מס' 65) (הסדר טיעון) התש"ע-2010 ; חוק סדר הדין הפלילי (תיקון מס' 66) התשע"ב-2012,657
18,2012,01,31,0,1,3,16,1,7,427770,546,הנמקת הערעורים של סיעות העבודה יהדות התורה מרצ חד"ש ובל"ד על הודעת הממשלה בדבר רצונה להחיל דין רציפות על הצעת חוק דיני ממונות התשע"א-2011,657
18,2012,02,21,1,0,0,1,33,6,430835,566,החזקת חלקי גופות במשך שנים על ידי המכון הפתולוגי ; החזקת חלקי גופות במשך שנים על ידי המכון הפתולוגי ;  החזקת חלקי גופות במשך שנים על ידי המכון הפתולוגי,657
18,2012,01,02,0,0,0,0,0,0,428282,517,הצעת חוק נציגי לשכת עורכי הדין בוועדות המינויים לנושאי משרה שיפוטית (תיקוני חקיקה) התשע"ב-2012,657
18,2011,06,27,0,0,2,0,0,6,413896,417,הצעת חוק התכנון והבניה (תיקון מס' 97) (הריסת מבנה לא חוקי על חשבון המקים) התשע"א-2011,657
18,2011,11,22,0,0,1,12,2,5,422181,478,תקנות מרשם האוכלוסין (רישומים בתעודת זהות) (תיקון) התשע"ב-2011 ; תקנות מרשם האוכלוסין (תקופת תוקפן ופקיעת תוקפן של תעודות זהות) התשע"ב-2011,657
18,2011,11,30,0,0,0,5,0,7,422186,486,חוק הנוער (שפיטה ענישה ודרכי טיפול) (תיקון מס' 16) התשע"ב-2011,657
18,2012,01,29,0,0,0,0,0,0,429802,544,תקנות חובת המכרזים (תיקון) התשע"ב-2011,657
18,2011,09,21,0,0,0,0,0,2,420597,452,חוק בתי המשפט (תיקון מס' 67) התשע"ב-2012,657
18,2011,09,26,0,0,2,2,10,7,420598,453,חוק בית הדין לעבודה (תיקון מס' 43) התשע"ב-2012,657
18,2011,10,03,0,0,8,6,0,3,420599,455,חוק בתי המשפט (תיקון מס' 68) התשע"ב-2012,657
18,2011,10,04,1,0,0,5,0,14,420600,456,חוק לתיקון פקודת התעבורה (מס' 101) התשע"ב-2011,657
18,2011,10,06,0,0,1,6,0,0,420601,457,הצעת חוק המזונות (הבטחת תשלום) (תיקון מס' 9) (ביטול שלילת תשלום עקב יצאה מהארץ) התשע"ב-2011 ; חוק המזונות (הבטחת תשלום) (תיקון מס' 8) התשע"ב-2012,657
18,2011,10,10,1,0,9,9,0,16,420602,458,הצעת חוק איסור לשון הרע (תיקון - אי ייחוד העילה והוספת סעדים) התש"ע-2010 ; הצעת חוק איסור לשון הרע (תיקון מס' 10) (הרחבת סעדים) התשע"ב-2011,657
18,2012,02,12,1,0,4,10,1,4,429907,555,הנמקת הערעורים של סיעות העבודה יהדות התורה מרצ חד"ש ובל"ד על הודעת הממשלה בדבר רצונה להחיל דין רציפות על הצעת חוק דיני ממונות התשע"א-2011,657
18,2011,09,06,2,0,1,2,0,26,420595,448,הוצאת צווי גירוש מיהודה ושומרון ,657
18,2011,09,15,1,0,12,6,0,14,420596,449,הצעת חוק בתי המשפט (בוררות חובה) (הוראת שעה) התשע"א-2011 ; הצעת חוק הבוררות (תיקון - בוררות חובה בתובענה כספית) התשע"א-2011,657
18,2011,11,15,0,0,0,0,0,1,422174,472,צו סדר הדין הפלילי (ברירת משפט - משקאות משכרים) (הוראת שעה) התשע"א-2011 ; צו המיסוי על יבוא ויצוא (סיוע למדינות חוץ) (שינוי תוספת לחוק) התשע"א - 2011 ,657
18,2011,11,21,0,0,2,39,3,29,422177,475,חוק העונשין (תיקון מס' 113) התשע"ב-2012,657
18,2011,11,22,1,0,0,1,0,0,422178,477,חוק הפטנטים (תיקון מס' 9) התשע"ב-2011,657
18,2011,12,18,0,0,18,3,0,1,425378,503,תקנות פינוי ובינוי (פיצויים)(מינוי שמאי פינוי ובינוי וסדרי דין בבקשות שיוגשו לשמאי פינוי ובינוי) התשע"א-2011,657
18,2012,02,05,0,0,0,0,0,0,429898,550,תקנות העבירות המינהליות (קנס מינהלי - מקורות אנרגיה) (תיקון) התשע"ב - 2012,657
18,2012,02,05,0,0,0,0,0,0,429899,551,הצעת חוק הגבלת פרסומים (גופים ציבוריים) (תיקון) (איסור פרסום - מודעת תמיכה בבעל תפקיד ציבורי) התשע"א-2011 ,657
18,2012,02,06,0,0,1,4,1,7,429902,552,הצעת חוק סדר הדין הפלילי (תיקון מס' 65) (הסדר טיעון) התש"ע-2010 ; חוק סדר הדין הפלילי (תיקון מס' 66) התשע"ב-2012,657
18,2012,02,07,0,0,0,0,0,0,429906,554,חוק הירושה (תיקון מס' 13) התשע"ב-2012,657
18,2012,02,13,0,0,1,2,12,2,429908,556,חוק הפטנטים (תיקון מס' 10) התשע"ב-2012,657
18,2012,02,15,0,0,0,1,4,4,429913,560,חוק העונשין (תיקון מס' 115) התשע"ב-2012,657
18,2011,05,16,0,0,0,0,0,0,411653,385,חוק ההוצאה לפועל (תיקון מס' 33) התשע"א-2011,657
18,2011,09,15,0,0,0,0,0,0,421273,451,תקנות החברות (הקלות לחברות ציבוריות שמניותיהן רשומות למסחר בבורסה מחוץ לישראל) (תיקון מס' 2) התשע"א-2011,657
18,2011,07,05,0,0,0,0,0,2,413973,425,חוק בתי דין רבניים (קיום פסקי דין של גירושין) (תיקון מס' 7) התשע"ב-2012 ; הצעת חוק בתי דין רבניים (קיום פסקי דין של גירושין) (תיקון מס' 8) (מתן צווי הגבלה ופיקוח על יישום החלטות בית הדין) התשע"א-2011 ,657
18,2011,12,26,0,0,4,5,0,0,425365,512,הצעת חוק המזונות (הבטחת תשלום) (תיקון מס' 9) (ביטול שלילת תשלום עקב יצאה מהארץ) התשע"ב-2011 ; חוק המזונות (הבטחת תשלום) (תיקון מס' 8) התשע"ב-2012,657
18,2011,12,11,3,0,10,20,3,27,425366,494,הנמקת הערעורים של סיעות העבודה יהדות התורה מרצ חד"ש ובל"ד על הודעת הממשלה בדבר רצונה להחיל דין רציפות על הצעת חוק דיני ממונות התשע"א-2011,657
18,2011,12,12,0,0,0,18,0,11,425369,495,חוק העונשין (תיקון מס' 113) התשע"ב-2012,657
18,2012,01,03,0,0,0,1,0,0,428161,520,חוק ההוצאה לפועל (תיקון מס' 36) התשע"ב-2012,657
18,2012,02,19,0,0,69,23,1,4,429945,561,צו איסור הלבנת הון (חובות זיהוי דיווח וניהול רישומים של תאגידים בנקאיים למניעת הלבנת הון ומימון טרור) (תיקון) התשע"א-2011,657
18,2012,02,20,1,1,0,9,2,6,429946,562,הצעת חוק סדר הדין הפלילי (תיקון מס' 65) (הסדר טיעון) התש"ע-2010 ; חוק סדר הדין הפלילי (תיקון מס' 66) התשע"ב-2012,657
18,2012,02,21,0,0,1,0,0,68,429947,564,הצעת חוק הנזיקים האזרחיים (אחריות המדינה) (תיקון מס' 8) (ייחוד עילה לנפגעי פעולות איבה) התשע"ב-2011,657
18,2009,12,08,0,0,1,5,1,3,332482,117,הימשכות ההליכים בבתי המשפט ,657
18,2009,12,09,1,0,0,6,0,7,332487,118,הצעת חוק העונשין (תיקון 109) (איסור רכישת משקאות משכרים בעבור קטין) התש"ע-2009,657
18,2009,12,13,1,0,0,1,0,8,332574,119,מדיניות אכיפת חוק תכנון ובניה בבית יהונתן בכפר השילוח  ; אכיפה בלתי מספקת של חוקי התכנון והבניה בירושלים ובנגב  ; " מדיניות אכיפת חוק תכנון ובנייה בבית יהונתן בכפר השילוח".  ; מדיניות אכיפת חוק תכנון ובנייה בבית יהונתן בכפר השילוח. ,657
18,2009,12,14,3,0,6,0,2,6,332835,120,חוק העונשין (תיקון מס' 103) התש"ע-2010,657
18,2009,12,15,0,0,1,5,0,4,332837,121,תקנות ההוצאה לפועל (תיקון מס' 3) התשס"ט-2009  ; חוק העמותות (תיקון מס' 12) התש"ע-2009,657
18,2009,12,07,0,0,14,3,0,25,332478,115,תקנות המרשם הפלילי ותקנת השבים (שינויים בתוספת הראשונה והשלישית לחוק) התשס"ח-2008,657
18,2009,12,08,0,0,0,0,0,2,332479,116,חוק סדר הדין הפלילי (תיקון מס' 59) התש"ע-2009,657
18,2010,01,10,0,0,0,0,0,0,333243,137,מדיניות אכיפת חוק תכנון ובניה בבית יהונתן בכפר השילוח  ; אכיפה בלתי מספקת של חוקי התכנון והבניה בירושלים ובנגב  ; " מדיניות אכיפת חוק תכנון ובנייה בבית יהונתן בכפר השילוח".  ; מדיניות אכיפת חוק תכנון ובנייה בבית יהונתן בכפר השילוח. ,657
18,2009,12,16,0,0,5,3,0,16,332841,123,תקנות המרשם הפלילי ותקנת השבים (שינויים בתוספת הראשונה והשלישית לחוק) התשס"ח-2008,657
18,2009,12,21,0,0,1,7,2,31,332843,124,חוק העונשין (תיקון מס' 113) התשע"ב-2012,657
18,2009,12,22,4,0,3,4,0,8,333250,125,הצעת חוק לתיקון פקודת האגודות השיתופיות (ועדות קבלה ביישובים קהילתיים בגליל ובנגב) התש"ע-2009 ; חוק לתיקון פקודת האגודות השיתופיות (מס' 8) התשע"א-2011,657
18,2009,12,22,0,0,0,1,0,3,333254,126,הצעת ועדת החוקה חוק ומשפט להאריך את תקופת תוקפה של הוראת השעה לפי חוק סדר הדין הפלילי (תיקון מס' 33 והוראת שעה) התשס"ה-2005,657
18,2009,12,23,3,0,0,15,0,5,333249,127,הצעת חוק לתיקון דיני הראיות (הגנת ילדים) (תיקון מס' 14) התשס"ח-2008,657
18,2010,01,19,0,0,0,1,0,8,334165,143,חוק הפסקת הליכים ומחיקת רישומים בעניין תכנית ההתנתקות התש"ע-2010,657
18,2010,01,04,0,0,0,2,0,3,333991,133,חוק סדר הדין הפלילי (תיקון מס' 60) התש"ע-2010,657
18,2010,01,05,2,0,2,9,0,4,333994,135,חוק העונשין (תיקון מס' 113) התשע"ב-2012,657
18,2010,01,06,1,0,8,1,4,5,333995,136,חוק העונשין (תיקון מס' 103) התש"ע-2010,657
18,2010,01,11,0,1,17,2,0,9,333997,138,הצעת חוק איסור הלבנת הון (תיקון מס' 7) התשס"ז-2007 - החלק הנותר,657
18,2010,01,13,1,0,0,8,4,6,333998,141,הצעת חוק לתיקון דיני הראיות (הגנת ילדים) (תיקון מס' 14) התשס"ח-2008,657
18,2010,01,18,0,0,2,8,1,11,334000,142,חוק העונשין (תיקון מס' 113) התשע"ב-2012,657
18,2010,01,25,1,0,79,16,0,7,334001,148,הצעת חוק איסור הלבנת הון (תיקון מס' 7) התשס"ז-2007 - החלק הנותר,657
18,2009,12,28,0,0,0,0,0,0,333732,129,תקנות חובת המכרזים (הוראת שעה) (תיקון) התש"ע-2009,657
18,2009,12,29,0,0,10,2,1,8,333733,130,הצעת חוק יועץ משפטי למשרדי הממשלה התשס"ט-2009,657
18,2009,12,30,0,0,4,5,0,2,333738,132,מעקב אחר יישום חוק איסור הלבנת הון - דיווחי הרשות,657
18,2009,12,29,0,0,1,0,0,6,333776,131,חוק בתי המשפט (תיקון מס' 60) התש"ע-2010,657
18,2009,12,15,0,0,0,0,0,0,332839,122,חוק המרכז לגביית קנסות אגרות והוצאות (תיקון מס' 9) התש"ע-2009,657
18,2010,02,01,2,0,0,1,0,5,334002,152,חוק העונשין (תיקון מס' 113) התשע"ב-2012,657
18,2010,01,20,0,0,8,1,4,9,334863,145,תקנות פיצויים לנפגעי תאונות דרכים (מסירת מידע מהקרן) התשס"ט-2009,657
18,2010,01,19,0,0,0,0,34,2,334168,144,חוק העונשין (תיקון מס' 105) התש"ע-2010 ; הצעת חוק העונשין (תיקון מס' 104) (איומים ותקיפה) התשס"ט-2008,657
