mk_individual_id,govministry_id,govministry_name,position_id,position_name,start_date,finish_date,knesset
90,19,הבריאות,39,שר,2018-02-05,,20
216,19,הבריאות,40,סגן שר,2018-01-10,,20
90,19,הבריאות,39,שר,2017-11-28,2018-02-04,20
222,15,הפנים,40,סגן שר,2017-09-27,,20
222,220,"לפיתוח הפריפריה, הנגב והגליל",40,סגן שר,2017-09-27,,20
230,18,התקשורת,39,שר,2017-05-29,,20
45,18,התקשורת,49,"מ""מ שר",2017-02-21,2017-05-29,20
230,28,ראש הממשלה,39,שר,2017-01-23,,20
928,51,הכלכלה והתעשייה,39,שר,2017-01-23,,20
45,25,לשיתוף פעולה אזורי,39,שר,2016-12-26,,20
910,28,ראש הממשלה,40,סגן שר,2016-08-04,,20
931,21,להגנת הסביבה,40,סגן שר,2016-08-02,,20
731,51,הכלכלה והתעשייה,39,שר,2016-08-02,2017-01-22,20
768,21,להגנת הסביבה,39,שר,2016-08-01,,20
731,21,להגנת הסביבה,39,שר,2016-05-31,2016-08-01,20
78,466,העלייה והקליטה,57,שרה,2016-05-30,,20
214,6,הביטחון,39,שר,2016-05-30,,20
768,53,לירושלים ומורשת,39,שר,2016-05-30,,20
863,6,הביטחון,40,סגן שר,2016-05-30,,20
45,491,בלי תיק,39,שר,2016-05-30,2016-12-26,20
90,51,הכלכלה והתעשייה,39,שר,2016-02-01,2016-08-02,20
222,15,הפנים,40,סגן שר,2016-01-13,2017-09-20,20
222,220,"לפיתוח הפריפריה, הנגב והגליל",40,סגן שר,2016-01-13,2017-09-20,20
931,28,ראש הממשלה,40,סגן שר,2016-01-13,2016-08-04,20
41,15,הפנים,39,שר,2016-01-11,,20
90,15,הפנים,39,שר,2015-12-28,2016-01-11,20
931,15,הפנים,40,סגן שר,2015-12-28,2016-01-11,20
103,9,החינוך,40,סגן שר,2015-12-08,,20
864,9,החינוך,39,שר,2015-12-07,,20
864,447,התפוצות,39,שר,2015-12-07,,20
90,51,הכלכלה והתעשייה,49,"מ""מ שר",2015-11-03,2016-02-01,20
830,323,המדע והטכנולוגיה,39,שר,2015-09-02,,20
216,19,הבריאות,39,שר,2015-09-02,2017-11-28,20
929,7,הבינוי והשיכון,40,סגן שר,2015-06-14,,20
931,15,הפנים,40,סגן שר,2015-06-14,2015-12-27,20
734,22,לביטחון הפנים,39,שר,2015-05-25,,20
734,280,לנושאים אסטרטגיים,39,שר,2015-05-25,,20
65,4,האוצר,40,סגן שר,2015-05-19,,20
825,8,החוץ,59,סגנית שר,2015-05-19,,20
230,25,לשיתוף פעולה אזורי,40,סגן שר,2015-05-19,2017-01-20,20
863,6,הביטחון,40,סגן שר,2015-05-19,2016-05-22,20
222,14,"העבודה, הרווחה והשירותים החברתיים",40,סגן שר,2015-05-19,2016-01-13,20
103,9,החינוך,40,סגן שר,2015-05-19,2015-12-06,20
216,19,הבריאות,40,סגן שר,2015-05-19,2015-09-02,20
7,300,לשירותי דת,39,שר,2015-05-14,,20
41,220,"לפיתוח הפריפריה, הנגב והגליל",39,שר,2015-05-14,,20
69,426,התחבורה והבטיחות בדרכים ,39,שר,2015-05-14,,20
69,448,המודיעין,39,שר,2015-05-14,,20
90,28,ראש הממשלה,45,ראש הממשלה,2015-05-14,,20
90,8,החוץ,39,שר,2015-05-14,,20
212,14,"העבודה, הרווחה והשירותים החברתיים",39,שר,2015-05-14,,20
695,467,האנרגיה,39,שר,2015-05-14,,20
713,10,החקלאות ופיתוח הכפר,39,שר,2015-05-14,,20
723,446,לשוויון חברתי,57,שרה,2015-05-14,,20
731,4,האוצר,39,שר,2015-05-14,,20
734,137,ההסברה,39,שר,2015-05-14,,20
826,17,התיירות,39,שר,2015-05-14,,20
826,56,האחראי על תיאום בין הממשלה לבין הכנסת,39,שר,2015-05-14,,20
830,28,ראש הממשלה,39,שר,2015-05-14,,20
831,324,התרבות והספורט ,57,שרה,2015-05-14,,20
904,13,המשפטים,57,שרה,2015-05-14,,20
921,7,הבינוי והשיכון,39,שר,2015-05-14,,20
90,18,התקשורת,39,שר,2015-05-14,2017-02-21,20
90,25,לשיתוף פעולה אזורי,39,שר,2015-05-14,2016-12-26,20
949,21,להגנת הסביבה,39,שר,2015-05-14,2016-05-31,20
768,466,העלייה והקליטה,39,שר,2015-05-14,2016-05-30,20
823,6,הביטחון,39,שר,2015-05-14,2016-05-22,20
122,28,ראש הממשלה,31,משנה לראש הממשלה,2015-05-14,2015-12-27,20
122,15,הפנים,39,שר,2015-05-14,2015-12-27,20
864,9,החינוך,39,שר,2015-05-14,2015-12-06,20
864,447,התפוצות,39,שר,2015-05-14,2015-12-06,20
41,51,הכלכלה והתעשייה,39,שר,2015-05-14,2015-11-03,20
90,19,הבריאות,39,שר,2015-05-14,2015-09-02,20
828,323,המדע והטכנולוגיה,39,שר,2015-05-14,2015-08-27,20
14,28,ראש הממשלה,39,שר,2015-05-14,2015-06-01,20
826,22,לביטחון הפנים,39,שר,2015-05-14,2015-05-25,20
63,28,ראש הממשלה,50,סגן ראש הממשלה,2015-03-31,2015-05-14,20
69,426,התחבורה והבטיחות בדרכים ,39,שר,2015-03-31,2015-05-14,20
70,324,התרבות והספורט ,57,שרה,2015-03-31,2015-05-14,20
77,17,התיירות,39,שר,2015-03-31,2015-05-14,20
77,467,האנרגיה,39,שר,2015-03-31,2015-05-14,20
90,28,ראש הממשלה,45,ראש הממשלה,2015-03-31,2015-05-14,20
122,220,"לפיתוח הפריפריה, הנגב והגליל",39,שר,2015-03-31,2015-05-14,20
695,280,לנושאים אסטרטגיים,39,שר,2015-03-31,2015-05-14,20
695,448,המודיעין,39,שר,2015-03-31,2015-05-14,20
713,7,הבינוי והשיכון,39,שר,2015-03-31,2015-05-14,20
734,18,התקשורת,39,שר,2015-03-31,2015-05-14,20
790,22,לביטחון הפנים,39,שר,2015-03-31,2015-05-14,20
823,6,הביטחון,39,שר,2015-03-31,2015-05-14,20
825,426,התחבורה והבטיחות בדרכים ,59,סגנית שר,2015-03-31,2015-05-14,20
830,28,ראש הממשלה,40,סגן שר,2015-03-31,2015-05-14,20
864,447,התפוצות,39,שר,2015-03-31,2015-05-14,20
864,51,הכלכלה והתעשייה,39,שר,2015-03-31,2015-05-14,20
864,300,לשירותי דת,39,שר,2015-03-31,2015-05-14,20
902,10,החקלאות ופיתוח הכפר,39,שר,2015-03-31,2015-05-14,20
78,466,העלייה והקליטה,57,שרה,2015-03-31,2015-05-10,20
45,8,החוץ,40,סגן שר,2015-03-31,2015-05-07,20
214,8,החוץ,39,שר,2015-03-31,2015-05-07,20
835,15,הפנים,59,סגנית שר,2015-03-31,2015-03-31,20
870,9,החינוך,40,סגן שר,2015-03-31,2015-03-31,20
870,9,החינוך,40,סגן שר,2014-12-08,2015-03-31,19
835,15,הפנים,59,סגנית שר,2014-11-05,2015-03-31,19
45,8,החוץ,40,סגן שר,2014-06-02,2015-03-31,19
768,8,החוץ,40,סגן שר,2013-11-12,2014-05-12,19
214,8,החוץ,39,שר,2013-11-11,2015-03-31,19
77,467,האנרגיה,39,שר,2013-10-15,2015-03-31,19
78,466,העלייה והקליטה,57,שרה,2013-10-15,2015-03-31,19
69,426,התחבורה והבטיחות בדרכים ,39,שר,2013-03-18,2015-03-31,19
70,324,התרבות והספורט ,57,שרה,2013-03-18,2015-03-31,19
77,17,התיירות,39,שר,2013-03-18,2015-03-31,19
90,28,ראש הממשלה,45,ראש הממשלה,2013-03-18,2015-03-31,19
122,220,"לפיתוח הפריפריה, הנגב והגליל",39,שר,2013-03-18,2015-03-31,19
695,280,לנושאים אסטרטגיים,39,שר,2013-03-18,2015-03-31,19
695,448,המודיעין,39,שר,2013-03-18,2015-03-31,19
713,7,הבינוי והשיכון,39,שר,2013-03-18,2015-03-31,19
734,18,התקשורת,39,שר,2013-03-18,2015-03-31,19
790,22,לביטחון הפנים,39,שר,2013-03-18,2015-03-31,19
823,6,הביטחון,39,שר,2013-03-18,2015-03-31,19
825,426,התחבורה והבטיחות בדרכים ,59,סגנית שר,2013-03-18,2015-03-31,19
830,28,ראש הממשלה,40,סגן שר,2013-03-18,2015-03-31,19
864,447,התפוצות,39,שר,2013-03-18,2015-03-31,19
864,51,הכלכלה והתעשייה,39,שר,2013-03-18,2015-03-31,19
864,300,לשירותי דת,39,שר,2013-03-18,2015-03-31,19
902,10,החקלאות ופיתוח הכפר,39,שר,2013-03-18,2015-03-31,19
845,446,לשוויון חברתי,39,שר,2013-03-18,2015-02-16,19
874,14,"העבודה, הרווחה והשירותים החברתיים",39,שר,2013-03-18,2014-12-05,19
213,13,המשפטים,57,שרה,2013-03-18,2014-12-04,19
868,19,הבריאות,57,שרה,2013-03-18,2014-12-04,19
870,9,החינוך,40,סגן שר,2013-03-18,2014-12-04,19
876,14,"העבודה, הרווחה והשירותים החברתיים",40,סגן שר,2013-03-18,2014-12-04,19
878,4,האוצר,39,שר,2013-03-18,2014-12-04,19
886,9,החינוך,39,שר,2013-03-18,2014-12-04,19
887,323,המדע והטכנולוגיה,39,שר,2013-03-18,2014-12-04,19
105,21,להגנת הסביבה,39,שר,2013-03-18,2014-11-11,19
725,15,הפנים,39,שר,2013-03-18,2014-11-04,19
835,15,הפנים,59,סגנית שר,2013-03-18,2014-11-04,19
828,6,הביטחון,40,סגן שר,2013-03-18,2014-07-16,19
734,386,להגנת העורף,39,שר,2013-03-18,2014-06-30,19
768,8,החוץ,40,סגן שר,2013-03-18,2013-11-11,19
78,2,לקליטת העלייה,57,שרה,2013-03-18,2013-10-15,19
723,28,ראש הממשלה,59,סגנית שר,2013-03-18,2013-03-19,19
63,28,ראש הממשלה,50,סגן ראש הממשלה,2013-02-05,2015-03-31,19
9,322,שיפור השירות הממשלתי לציבור,39,שר,2013-02-05,2013-03-18,19
28,6,הביטחון,39,שר,2013-02-05,2013-03-18,19
63,15,הפנים,39,שר,2013-02-05,2013-03-18,19
65,4,האוצר,40,סגן שר,2013-02-05,2013-03-18,19
69,426,התחבורה והבטיחות בדרכים ,39,שר,2013-02-05,2013-03-18,19
70,324,התרבות והספורט ,57,שרה,2013-02-05,2013-03-18,19
77,406,האנרגיה והמים,39,שר,2013-02-05,2013-03-18,19
78,2,לקליטת העלייה,57,שרה,2013-02-05,2013-03-18,19
88,320,שירותי המודיעין והועדה לאנרגיה אטומית,39,שר,2013-02-05,2013-03-18,19
90,28,ראש הממשלה,45,ראש הממשלה,2013-02-05,2013-03-18,19
122,60,המשנה לראש הממשלה,31,משנה לראש הממשלה,2013-02-05,2013-03-18,19
122,220,"לפיתוח הפריפריה, הנגב והגליל",39,שר,2013-02-05,2013-03-18,19
123,24,"התעשיה, המסחר והתעסוקה",39,שר,2013-02-05,2013-03-18,19
216,19,הבריאות,40,סגן שר,2013-02-05,2013-03-18,19
222,28,ראש הממשלה,39,שר,2013-02-05,2013-03-18,19
717,10,החקלאות ופיתוח הכפר,57,שרה,2013-02-05,2013-03-18,19
723,28,ראש הממשלה,59,סגנית שר,2013-02-05,2013-03-18,19
725,9,החינוך,39,שר,2013-02-05,2013-03-18,19
731,18,התקשורת,39,שר,2013-02-05,2013-03-18,19
734,21,להגנת הסביבה,39,שר,2013-02-05,2013-03-18,19
751,300,לשירותי דת,39,שר,2013-02-05,2013-03-18,19
771,21,להגנת הסביבה,39,שר,2013-02-05,2013-03-18,19
786,17,התיירות,39,שר,2013-02-05,2013-03-18,19
790,22,לביטחון הפנים,39,שר,2013-02-05,2013-03-18,19
791,7,הבינוי והשיכון,39,שר,2013-02-05,2013-03-18,19
823,60,המשנה לראש הממשלה,31,משנה לראש הממשלה,2013-02-05,2013-03-18,19
823,280,לנושאים אסטרטגיים,39,שר,2013-02-05,2013-03-18,19
839,9,החינוך,40,סגן שר,2013-02-05,2013-03-18,19
847,323,המדע והטכנולוגיה,39,שר,2013-02-05,2013-03-18,19
1,137,ההסברה,39,שר,2013-02-05,2013-03-14,19
771,386,להגנת העורף,39,שר,2012-08-16,2013-02-05,18
720,28,ראש הממשלה,31,משנה לראש הממשלה,2012-05-08,2012-07-19,18
720,28,ראש הממשלה,39,שר,2012-05-08,2012-07-19,18
69,426,התחבורה והבטיחות בדרכים ,39,שר,2012-01-25,2013-02-05,18
77,406,האנרגיה והמים,39,שר,2012-01-17,2013-02-05,18
839,9,החינוך,40,סגן שר,2011-02-09,2013-02-05,18
123,24,"התעשיה, המסחר והתעסוקה",39,שר,2011-01-20,2013-02-05,18
717,10,החקלאות ופיתוח הכפר,57,שרה,2011-01-20,2013-02-05,18
204,386,להגנת העורף,39,שר,2011-01-20,2012-08-16,18
216,19,הבריאות,40,סגן שר,2009-04-06,2013-02-05,18
103,9,החינוך,40,סגן שר,2009-04-06,2011-02-06,18
230,220,"לפיתוח הפריפריה, הנגב והגליל",40,סגן שר,2009-04-01,2013-03-18,18
738,28,ראש הממשלה,59,סגנית שר,2009-04-01,2013-03-18,18
833,8,החוץ,40,סגן שר,2009-04-01,2013-03-18,18
65,4,האוצר,40,סגן שר,2009-04-01,2013-02-05,18
723,28,ראש הממשלה,59,סגנית שר,2009-04-01,2013-02-05,18
204,6,הביטחון,40,סגן שר,2009-04-01,2011-01-20,18
717,24,"התעשיה, המסחר והתעסוקה",59,סגנית שר,2009-04-01,2011-01-20,18
14,28,ראש הממשלה,39,שר,2009-03-31,2013-03-18,19
695,4,האוצר,39,שר,2009-03-31,2013-03-18,18
1,28,ראש הממשלה,39,שר,2009-03-31,2013-02-05,18
1,137,ההסברה,39,שר,2009-03-31,2013-02-05,18
9,322,שיפור השירות הממשלתי לציבור,39,שר,2009-03-31,2013-02-05,18
14,28,ראש הממשלה,39,שר,2009-03-31,2013-02-05,18
28,6,הביטחון,39,שר,2009-03-31,2013-02-05,18
28,28,ראש הממשלה,50,סגן ראש הממשלה,2009-03-31,2013-02-05,18
63,28,ראש הממשלה,50,סגן ראש הממשלה,2009-03-31,2013-02-05,18
63,15,הפנים,39,שר,2009-03-31,2013-02-05,18
70,324,התרבות והספורט ,57,שרה,2009-03-31,2013-02-05,18
78,2,לקליטת העלייה,57,שרה,2009-03-31,2013-02-05,18
88,320,שירותי המודיעין והועדה לאנרגיה אטומית,39,שר,2009-03-31,2013-02-05,18
88,28,ראש הממשלה,50,סגן ראש הממשלה,2009-03-31,2013-02-05,18
90,28,ראש הממשלה,45,ראש הממשלה,2009-03-31,2013-02-05,18
122,60,המשנה לראש הממשלה,31,משנה לראש הממשלה,2009-03-31,2013-02-05,18
122,220,"לפיתוח הפריפריה, הנגב והגליל",39,שר,2009-03-31,2013-02-05,18
214,28,ראש הממשלה,50,סגן ראש הממשלה,2009-03-31,2013-02-05,18
214,8,החוץ,39,שר,2009-03-31,2013-02-05,18
222,28,ראש הממשלה,39,שר,2009-03-31,2013-02-05,18
725,9,החינוך,39,שר,2009-03-31,2013-02-05,18
731,18,התקשורת,39,שר,2009-03-31,2013-02-05,18
734,21,להגנת הסביבה,39,שר,2009-03-31,2013-02-05,18
751,300,לשירותי דת,39,שר,2009-03-31,2013-02-05,18
786,17,התיירות,39,שר,2009-03-31,2013-02-05,18
790,22,לביטחון הפנים,39,שר,2009-03-31,2013-02-05,18
791,7,הבינוי והשיכון,39,שר,2009-03-31,2013-02-05,18
823,60,המשנה לראש הממשלה,31,משנה לראש הממשלה,2009-03-31,2013-02-05,18
823,280,לנושאים אסטרטגיים,39,שר,2009-03-31,2013-02-05,18
847,323,המדע והטכנולוגיה,39,שר,2009-03-31,2013-02-05,18
824,28,ראש הממשלה,39,שר,2009-03-31,2012-09-16,18
824,346,בלי תיק - יוסי פלד,39,שר,2009-03-31,2012-09-16,18
69,16,התחבורה התשתיות הלאומיות והבטיחות בדרכים,39,שר,2009-03-31,2012-01-25,18
77,23,התשתיות הלאומיות,39,שר,2009-03-31,2012-01-17,18
123,10,החקלאות ופיתוח הכפר,39,שר,2009-03-31,2011-01-20,18
20,24,"התעשיה, המסחר והתעסוקה",39,שר,2009-03-31,2011-01-19,18
740,14,"העבודה, הרווחה והשירותים החברתיים",39,שר,2009-03-31,2011-01-19,18
797,321,לענייני מיעוטים,39,שר,2009-03-31,2011-01-19,18
3,28,ראש הממשלה,45,ראש הממשלה,2009-02-24,2009-03-31,18
16,7,הבינוי והשיכון,39,שר,2009-02-24,2009-03-31,18
20,23,התשתיות הלאומיות,39,שר,2009-02-24,2009-03-31,18
28,28,ראש הממשלה,50,סגן ראש הממשלה,2009-02-24,2009-03-31,18
28,6,הביטחון,39,שר,2009-02-24,2009-03-31,18
63,24,"התעשיה, המסחר והתעסוקה",39,שר,2009-02-24,2009-03-31,18
63,28,ראש הממשלה,50,סגן ראש הממשלה,2009-02-24,2009-03-31,18
65,300,לשירותי דת,39,שר,2009-02-24,2009-03-31,18
96,21,להגנת הסביבה,39,שר,2009-02-24,2009-03-31,18
115,28,ראש הממשלה,31,משנה לראש הממשלה,2009-02-24,2009-03-31,18
119,15,הפנים,39,שר,2009-02-24,2009-03-31,18
123,10,החקלאות ופיתוח הכפר,39,שר,2009-02-24,2009-03-31,18
213,8,החוץ,57,שרה,2009-02-24,2009-03-31,18
213,28,ראש הממשלה,51,"מ""מ ראש הממשלה",2009-02-24,2009-03-31,18
222,4,האוצר,39,שר,2009-02-24,2009-03-31,18
697,9,החינוך,57,שרה,2009-02-24,2009-03-31,18
720,16,התחבורה התשתיות הלאומיות והבטיחות בדרכים,39,שר,2009-02-24,2009-03-31,18
720,28,ראש הממשלה,50,סגן ראש הממשלה,2009-02-24,2009-03-31,18
724,17,התיירות,57,שרה,2009-02-24,2009-03-31,18
724,28,ראש הממשלה,57,שרה,2009-02-24,2009-03-31,18
727,8,החוץ,40,סגן שר,2009-02-24,2009-03-31,18
728,2,לקליטת העלייה,39,שר,2009-02-24,2009-03-31,18
730,2,לקליטת העלייה,39,שר,2009-02-24,2009-03-31,18
735,4,האוצר,39,שר,2009-02-24,2009-03-31,18
740,14,"העבודה, הרווחה והשירותים החברתיים",39,שר,2009-02-24,2009-03-31,18
758,240,"המדע, התרבות והספורט",39,שר,2009-02-24,2009-03-31,18
771,22,לביטחון הפנים,39,שר,2009-02-24,2009-03-31,18
791,18,התקשורת,39,שר,2009-02-24,2009-03-31,18
794,28,ראש הממשלה,39,שר,2009-02-24,2009-03-31,18
796,19,הבריאות,39,שר,2009-02-24,2009-03-31,18
806,13,המשפטים,39,שר,2009-02-24,2009-03-31,18
724,17,התיירות,57,שרה,2008-07-14,2009-02-24,17
730,2,לקליטת העלייה,39,שר,2008-07-14,2009-02-24,17
65,300,לשירותי דת,39,שר,2008-01-06,2009-02-24,17
727,8,החוץ,40,סגן שר,2007-10-29,2009-02-24,17
792,28,ראש הממשלה,39,שר,2007-09-24,2008-12-14,17
16,7,הבינוי והשיכון,39,שר,2007-07-04,2009-02-24,17
115,28,ראש הממשלה,39,שר,2007-07-04,2009-02-24,17
119,15,הפנים,39,שר,2007-07-04,2009-02-24,17
724,28,ראש הממשלה,57,שרה,2007-07-04,2009-02-24,17
728,2,לקליטת העלייה,39,שר,2007-07-04,2009-02-24,17
735,4,האוצר,39,שר,2007-07-04,2009-02-24,17
204,6,הביטחון,40,סגן שר,2007-07-02,2009-02-24,17
28,28,ראש הממשלה,50,סגן ראש הממשלה,2007-06-18,2009-02-24,17
28,6,הביטחון,39,שר,2007-06-18,2009-02-24,17
740,14,"העבודה, הרווחה והשירותים החברתיים",39,שר,2007-03-21,2009-02-24,17
758,240,"המדע, התרבות והספורט",39,שר,2007-03-21,2009-02-24,17
790,17,התיירות,39,שר,2007-03-21,2008-01-22,17
806,13,המשפטים,39,שר,2007-02-07,2009-02-24,17
758,28,ראש הממשלה,39,שר,2007-01-29,2007-03-21,17
214,280,לנושאים אסטרטגיים,39,שר,2006-12-04,2008-01-18,17
213,13,המשפטים,57,שרה,2006-11-29,2007-02-07,17
697,240,"המדע, התרבות והספורט",49,"מ""מ שר",2006-11-05,2009-03-31,17
214,28,ראש הממשלה,39,שר,2006-10-30,2008-01-18,17
214,28,ראש הממשלה,50,סגן ראש הממשלה,2006-10-30,2008-01-18,17
94,6,הביטחון,40,סגן שר,2006-10-30,2007-06-18,17
222,4,האוצר,39,שר,2006-09-27,2009-02-24,17
119,13,המשפטים,49,"מ""מ שר",2006-08-23,2006-11-23,17
100,240,"המדע, התרבות והספורט",39,שר,2006-07-09,2006-11-01,17
18,28,ראש הממשלה,49,"מ""מ שר",2006-05-04,,15
3,28,ראש הממשלה,45,ראש הממשלה,2006-05-04,2009-02-24,17
20,23,התשתיות הלאומיות,39,שר,2006-05-04,2009-02-24,17
63,28,ראש הממשלה,50,סגן ראש הממשלה,2006-05-04,2009-02-24,17
63,24,"התעשיה, המסחר והתעסוקה",39,שר,2006-05-04,2009-02-24,17
96,21,להגנת הסביבה,39,שר,2006-05-04,2009-02-24,17
123,10,החקלאות ופיתוח הכפר,39,שר,2006-05-04,2009-02-24,17
213,28,ראש הממשלה,51,"מ""מ ראש הממשלה",2006-05-04,2009-02-24,17
213,8,החוץ,57,שרה,2006-05-04,2009-02-24,17
697,9,החינוך,57,שרה,2006-05-04,2009-02-24,17
720,28,ראש הממשלה,50,סגן ראש הממשלה,2006-05-04,2009-02-24,17
720,16,התחבורה התשתיות הלאומיות והבטיחות בדרכים,39,שר,2006-05-04,2009-02-24,17
771,22,לביטחון הפנים,39,שר,2006-05-04,2009-02-24,17
791,18,התקשורת,39,שר,2006-05-04,2009-02-24,17
794,28,ראש הממשלה,39,שר,2006-05-04,2009-02-24,17
796,19,הבריאות,39,שר,2006-05-04,2009-02-24,17
65,28,ראש הממשלה,39,שר,2006-05-04,2008-01-05,17
728,28,ראש הממשלה,39,שר,2006-05-04,2007-07-05,17
16,2,לקליטת העלייה,39,שר,2006-05-04,2007-07-04,17
119,7,הבינוי והשיכון,39,שר,2006-05-04,2007-07-04,17
42,4,האוצר,39,שר,2006-05-04,2007-07-03,17
105,28,ראש הממשלה,50,סגן ראש הממשלה,2006-05-04,2007-06-18,17
105,6,הביטחון,39,שר,2006-05-04,2007-06-18,17
104,220,"לפיתוח הפריפריה, הנגב והגליל",39,שר,2006-05-04,2007-06-13,17
104,60,המשנה לראש הממשלה,31,משנה לראש הממשלה,2006-05-04,2007-06-13,17
64,28,ראש הממשלה,39,שר,2006-05-04,2007-05-04,17
735,15,הפנים,39,שר,2006-05-04,2007-05-04,17
3,14,"העבודה, הרווחה והשירותים החברתיים",39,שר,2006-05-04,2007-03-21,17
740,17,התיירות,39,שר,2006-05-04,2007-03-21,17
222,28,ראש הממשלה,39,שר,2006-05-04,2006-09-27,17
115,13,המשפטים,39,שר,2006-05-04,2006-08-22,17
100,11,"המדע, הטכנולוגיה, התרבות והספורט",39,שר,2006-05-04,2006-07-09,17
16,7,הבינוי והשיכון,39,שר,2006-01-18,2006-05-04,16
16,10,החקלאות ופיתוח הכפר,39,שר,2006-01-18,2006-05-04,16
42,18,התקשורת,39,שר,2006-01-18,2006-05-04,16
96,21,להגנת הסביבה,39,שר,2006-01-18,2006-05-04,16
119,9,החינוך,39,שר,2006-01-18,2006-05-04,16
213,8,החוץ,57,שרה,2006-01-18,2006-05-04,16
728,19,הבריאות,39,שר,2006-01-18,2006-05-04,16
728,220,"לפיתוח הפריפריה, הנגב והגליל",39,שר,2006-01-18,2006-05-04,16
735,23,התשתיות הלאומיות,39,שר,2006-01-18,2006-05-04,16
735,240,"המדע, התרבות והספורט",39,שר,2006-01-18,2006-05-04,16
727,9,החינוך,40,סגן שר,2006-01-15,2006-04-17,16
3,10,החקלאות ופיתוח הכפר,49,"מ""מ שר",2006-01-15,2006-01-18,16
3,9,החינוך,49,"מ""מ שר",2006-01-15,2006-01-18,16
3,18,התקשורת,49,"מ""מ שר",2006-01-04,2006-01-18,16
3,23,התשתיות הלאומיות,49,"מ""מ שר",2006-01-04,2006-01-18,16
3,21,להגנת הסביבה,49,"מ""מ שר",2006-01-04,2006-01-18,16
724,15,הפנים,59,סגנית שר,2005-11-27,2006-04-17,16
125,23,התשתיות הלאומיות,49,"מ""מ שר",2005-11-23,2006-01-04,16
125,21,להגנת הסביבה,49,"מ""מ שר",2005-11-23,2006-01-04,16
125,18,התקשורת,49,"מ""מ שר",2005-11-23,2006-01-04,16
125,240,"המדע, התרבות והספורט",49,"מ""מ שר",2005-11-23,2006-01-04,16
125,15,הפנים,49,"מ""מ שר",2005-11-23,2006-01-04,16
125,7,הבינוי והשיכון,49,"מ""מ שר",2005-11-23,2006-01-04,16
3,4,האוצר,39,שר,2005-11-07,2006-05-04,16
204,240,"המדע, התרבות והספורט",39,שר,2005-08-28,2005-11-23,16
3,4,האוצר,49,"מ""מ שר",2005-08-09,2005-11-07,16
727,9,החינוך,40,סגן שר,2005-06-20,2006-01-15,16
220,28,ראש הממשלה,40,סגן שר,2005-06-20,2005-11-25,16
43,16,התחבורה התשתיות הלאומיות והבטיחות בדרכים,40,סגן שר,2005-03-30,2006-04-17,16
91,2,לקליטת העלייה,59,סגנית שר,2005-03-30,2006-04-17,16
112,14,"העבודה, הרווחה והשירותים החברתיים",40,סגן שר,2005-03-30,2006-04-17,16
730,24,"התעשיה, המסחר והתעסוקה",40,סגן שר,2005-03-30,2006-04-17,16
723,10,החקלאות ופיתוח הכפר,59,סגנית שר,2005-03-30,2006-01-15,16
724,15,הפנים,59,סגנית שר,2005-03-30,2005-11-23,16
727,28,ראש הממשלה,40,סגן שר,2005-03-30,2005-06-20,16
3,8,החוץ,49,"מ""מ שר",2005-01-15,2006-01-18,16
22,7,הבינוי והשיכון,40,סגן שר,2005-01-11,2005-11-23,16
104,60,המשנה לראש הממשלה,39,שר,2005-01-11,2005-11-23,16
123,21,להגנת הסביבה,39,שר,2005-01-11,2005-11-23,16
717,60,המשנה לראש הממשלה,59,סגנית שר,2005-01-11,2005-11-23,16
220,9,החינוך,40,סגן שר,2005-01-11,2005-06-20,16
42,17,התיירות,39,שר,2005-01-10,2006-05-04,16
213,13,המשפטים,57,שרה,2005-01-10,2006-05-04,16
8,18,התקשורת,57,שרה,2005-01-10,2005-11-23,16
20,23,התשתיות הלאומיות,39,שר,2005-01-10,2005-11-23,16
100,15,הפנים,39,שר,2005-01-10,2005-11-23,16
115,28,ראש הממשלה,39,שר,2005-01-10,2005-11-23,16
740,7,הבינוי והשיכון,39,שר,2005-01-10,2005-11-23,16
125,11,"המדע, הטכנולוגיה, התרבות והספורט",39,שר,2005-01-10,2005-08-28,16
204,28,ראש הממשלה,39,שר,2005-01-10,2005-08-28,16
213,13,המשפטים,49,"מ""מ שר",2004-12-07,2005-01-10,16
125,240,"המדע, התרבות והספורט",49,"מ""מ שר",2004-12-04,2005-08-28,16
125,23,התשתיות הלאומיות,49,"מ""מ שר",2004-12-04,2005-01-10,16
125,15,הפנים,49,"מ""מ שר",2004-12-04,2005-01-10,16
125,21,להגנת הסביבה,49,"מ""מ שר",2004-12-04,2005-01-10,16
125,13,המשפטים,49,"מ""מ שר",2004-12-04,2004-12-07,16
96,22,לביטחון הפנים,39,שר,2004-11-29,2006-05-04,16
196,11,"המדע, הטכנולוגיה, התרבות והספורט",39,שר,2004-11-29,2004-12-04,16
742,21,להגנת הסביבה,39,שר,2004-11-29,2004-12-04,16
742,21,להגנת הסביבה,49,"מ""מ שר",2004-10-19,2004-11-29,16
728,22,לביטחון הפנים,40,סגן שר,2004-10-11,2006-01-18,16
45,28,ראש הממשלה,39,שר,2004-09-06,2006-05-04,16
119,28,ראש הממשלה,39,שר,2004-09-06,2006-05-04,16
96,22,לביטחון הפנים,49,"מ""מ שר",2004-09-06,2004-11-29,16
54,23,התשתיות הלאומיות,39,שר,2004-07-19,2004-12-04,16
742,11,"המדע, הטכנולוגיה, התרבות והספורט",39,שר,2004-07-19,2004-11-29,16
125,23,התשתיות הלאומיות,49,"מ""מ שר",2004-07-13,2004-07-19,16
119,16,התחבורה התשתיות הלאומיות והבטיחות בדרכים,39,שר,2004-07-05,2006-05-04,16
96,17,התיירות,49,"מ""מ שר",2004-07-05,2005-01-10,16
213,7,הבינוי והשיכון,57,שרה,2004-07-05,2005-01-10,16
125,7,הבינוי והשיכון,49,"מ""מ שר",2004-06-10,2004-07-05,16
125,17,התיירות,49,"מ""מ שר",2004-06-06,2004-07-05,16
125,16,התחבורה התשתיות הלאומיות והבטיחות בדרכים,49,"מ""מ שר",2004-06-06,2004-07-05,16
3,18,התקשורת,39,שר,2003-09-10,2005-01-10,16
73,28,ראש הממשלה,40,סגן שר,2003-03-24,2004-06-10,16
3,24,"התעשיה, המסחר והתעסוקה",39,שר,2003-03-23,2006-05-04,16
169,24,"התעשיה, המסחר והתעסוקה",40,סגן שר,2003-03-23,2004-10-28,16
728,22,לביטחון הפנים,40,סגן שר,2003-03-10,2004-09-06,16
16,6,הביטחון,40,סגן שר,2003-03-05,2006-01-18,16
196,15,הפנים,40,סגן שר,2003-03-05,2004-11-29,16
46,9,החינוך,40,סגן שר,2003-03-05,2004-06-06,16
169,24,"התעשיה, המסחר והתעסוקה",40,סגן שר,2003-03-05,2003-03-23,16
96,28,ראש הממשלה,39,שר,2003-03-04,2004-09-06,16
127,28,ראש הממשלה,39,שר,2003-03-03,2005-05-04,16
715,7,הבינוי והשיכון,39,שר,2003-03-03,2004-06-10,16
194,14,"העבודה, הרווחה והשירותים החברתיים",39,שר,2003-03-03,2003-03-23,16
3,28,ראש הממשלה,51,"מ""מ ראש הממשלה",2003-02-27,2006-05-04,16
213,2,לקליטת העלייה,57,שרה,2003-02-27,2006-05-04,16
720,6,הביטחון,39,שר,2003-02-27,2006-05-04,16
69,10,החקלאות ופיתוח הכפר,39,שר,2003-02-27,2006-01-15,16
70,9,החינוך,57,שרה,2003-02-27,2006-01-15,16
122,8,החוץ,39,שר,2003-02-27,2006-01-15,16
223,19,הבריאות,39,שר,2003-02-27,2006-01-15,16
125,28,ראש הממשלה,45,ראש הממשלה,2003-02-27,2006-01-04,16
90,4,האוצר,39,שר,2003-02-27,2005-08-09,16
98,15,הפנים,39,שר,2003-02-27,2004-12-04,16
217,13,המשפטים,39,שר,2003-02-27,2004-12-04,16
217,28,ראש הממשלה,50,סגן ראש הממשלה,2003-02-27,2004-12-04,16
77,28,ראש הממשלה,39,שר,2003-02-27,2004-10-28,16
221,21,להגנת הסביבה,57,שרה,2003-02-27,2004-10-19,16
45,22,לביטחון הפנים,39,שר,2003-02-27,2004-09-06,16
54,11,"המדע, הטכנולוגיה, התרבות והספורט",39,שר,2003-02-27,2004-07-19,16
227,23,התשתיות הלאומיות,39,שר,2003-02-27,2004-07-13,16
119,28,ראש הממשלה,39,שר,2003-02-27,2004-07-05,16
12,17,התיירות,39,שר,2003-02-27,2004-06-06,16
214,16,התחבורה התשתיות הלאומיות והבטיחות בדרכים,39,שר,2003-02-27,2004-06-06,16
125,18,התקשורת,39,שר,2003-02-27,2003-09-10,16
3,24,"התעשיה, המסחר והתעסוקה",39,שר,2003-02-27,2003-03-23,16
96,28,ראש הממשלה,39,שר,2003-02-27,2003-03-04,16
710,3,לענייני דתות,39,שר,2003-02-17,2003-02-27,16
3,19,הבריאות,49,"מ""מ שר",2003-01-15,2006-01-18,16
45,16,התחבורה התשתיות הלאומיות והבטיחות בדרכים,39,שר,2002-12-16,2003-02-27,15
90,8,החוץ,39,שר,2002-11-06,2003-02-27,15
720,6,הביטחון,39,שר,2002-11-04,2003-02-27,15
73,17,התיירות,39,שר,2002-09-18,2003-02-27,15
715,23,התשתיות הלאומיות,39,שר,2002-09-18,2003-02-27,15
78,16,התחבורה התשתיות הלאומיות והבטיחות בדרכים,59,סגנית שר,2002-08-12,2002-11-02,15
205,6,הביטחון,40,סגן שר,2002-08-12,2002-11-02,15
112,9,החינוך,40,סגן שר,2002-07-24,2003-01-28,15
65,4,האוצר,40,סגן שר,2002-06-03,2003-02-27,15
226,28,ראש הממשלה,39,שר,2002-06-03,2003-02-27,15
63,,,50,סגן ראש הממשלה,2002-06-03,2003-02-17,15
7,15,הפנים,40,סגן שר,2002-06-03,2003-01-28,15
25,14,"העבודה, הרווחה והשירותים החברתיים",39,שר,2002-06-03,2003-01-28,15
37,19,הבריאות,39,שר,2002-06-03,2003-01-28,15
50,14,"העבודה, הרווחה והשירותים החברתיים",40,סגן שר,2002-06-03,2003-01-28,15
63,15,הפנים,39,שר,2002-06-03,2003-01-28,15
222,9,החינוך,40,סגן שר,2002-06-03,2003-01-28,15
19,23,התשתיות הלאומיות,59,סגנית שר,2002-04-08,2003-01-01,15
73,28,ראש הממשלה,39,שר,2002-04-08,2002-09-18,15
715,28,ראש הממשלה,39,שר,2002-04-08,2002-09-18,15
72,28,ראש הממשלה,39,שר,2002-04-08,2002-07-30,15
125,23,התשתיות הלאומיות,39,שר,2002-03-14,2003-09-18,15
125,17,התיירות,39,שר,2002-03-14,2003-09-18,15
19,28,ראש הממשלה,59,סגנית שר,2002-03-13,2002-04-08,15
213,10,החקלאות ופיתוח הכפר,57,שרה,2001-12-16,2003-02-27,15
12,17,התיירות,39,שר,2001-10-31,2002-03-14,15
88,28,ראש הממשלה,39,שר,2001-08-29,2003-01-28,15
155,28,ראש הממשלה,39,שר,2001-08-29,2003-01-28,15
213,28,ראש הממשלה,57,שרה,2001-08-29,2002-12-16,15
226,28,ראש הממשלה,39,שר,2001-08-07,2002-05-23,15
103,7,הבינוי והשיכון,40,סגן שר,2001-07-24,2003-02-27,15
103,7,הבינוי והשיכון,40,סגן שר,2001-06-04,2002-05-20,15
50,14,"העבודה, הרווחה והשירותים החברתיים",40,סגן שר,2001-05-02,2002-05-20,15
65,4,האוצר,40,סגן שר,2001-05-02,2002-05-20,15
112,9,החינוך,40,סגן שר,2001-04-16,2002-05-20,15
22,24,"התעשיה, המסחר והתעסוקה",40,סגן שר,2001-03-26,2002-11-02,15
62,16,התחבורה התשתיות הלאומיות והבטיחות בדרכים,40,סגן שר,2001-03-26,2002-05-01,15
121,28,ראש הממשלה,40,סגן שר,2001-03-14,2002-03-14,15
96,22,לביטחון הפנים,40,סגן שר,2001-03-13,2003-02-27,15
222,9,החינוך,40,סגן שר,2001-03-13,2002-05-20,15
19,23,התשתיות הלאומיות,59,סגנית שר,2001-03-13,2002-03-14,15
45,21,להגנת הסביבה,39,שר,2001-03-07,2003-02-27,15
70,9,החינוך,57,שרה,2001-03-07,2003-02-27,15
77,22,לביטחון הפנים,39,שר,2001-03-07,2003-02-27,15
119,13,המשפטים,39,שר,2001-03-07,2003-02-27,15
122,4,האוצר,39,שר,2001-03-07,2003-02-27,15
125,2,לקליטת העלייה,39,שר,2001-03-07,2003-02-27,15
125,28,ראש הממשלה,45,ראש הממשלה,2001-03-07,2003-02-27,15
127,7,הבינוי והשיכון,39,שר,2001-03-07,2003-02-27,15
1,2,לקליטת העלייה,40,סגן שר,2001-03-07,2003-01-28,15
114,18,התקשורת,39,שר,2001-03-07,2003-01-28,15
710,3,לענייני דתות,39,שר,2001-03-07,2003-01-28,15
223,28,ראש הממשלה,39,שר,2001-03-07,2002-12-16,15
223,28,ראש הממשלה,39,שר,2001-03-07,2002-12-16,15
8,24,"התעשיה, המסחר והתעסוקה",57,שרה,2001-03-07,2002-11-02,15
20,6,הביטחון,39,שר,2001-03-07,2002-11-02,15
94,16,התחבורה התשתיות הלאומיות והבטיחות בדרכים,39,שר,2001-03-07,2002-11-02,15
123,10,החקלאות ופיתוח הכפר,39,שר,2001-03-07,2002-11-02,15
204,11,"המדע, הטכנולוגיה, התרבות והספורט",39,שר,2001-03-07,2002-11-02,15
104,8,החוץ,39,שר,2001-03-07,2002-10-02,15
67,28,ראש הממשלה,39,שר,2001-03-07,2002-08-21,15
231,6,הביטחון,59,סגנית שר,2001-03-07,2002-08-01,15
7,15,הפנים,40,סגן שר,2001-03-07,2002-05-23,15
25,14,"העבודה, הרווחה והשירותים החברתיים",39,שר,2001-03-07,2002-05-23,15
37,19,הבריאות,39,שר,2001-03-07,2002-05-23,15
63,,,50,סגן ראש הממשלה,2001-03-07,2002-05-23,15
63,15,הפנים,39,שר,2001-03-07,2002-05-23,15
214,23,התשתיות הלאומיות,39,שר,2001-03-07,2002-03-14,15
130,28,ראש הממשלה,39,שר,2001-03-07,2002-02-22,15
59,28,ראש הממשלה,39,שר,2001-03-07,2002-01-29,15
51,17,התיירות,39,שר,2001-03-07,2001-10-17,15
104,28,ראש הממשלה,50,סגן ראש הממשלה,2001-03-07,2001-10-02,15
213,25,לשיתוף פעולה אזורי,57,שרה,2001-03-07,2001-08-29,15
220,8,החוץ,40,סגן שר,2001-03-07,2001-03-26,15
28,19,הבריאות,49,"מ""מ שר",2001-01-16,2001-03-07,15
28,28,ראש הממשלה,45,ראש הממשלה,2000-12-12,2001-03-07,15
23,8,החוץ,39,שר,2000-11-02,2001-03-07,15
18,3,לענייני דתות,39,שר,2000-10-11,2001-03-07,15
20,7,הבינוי והשיכון,39,שר,2000-10-11,2001-03-07,15
115,15,הפנים,39,שר,2000-10-11,2001-03-07,15
117,23,התשתיות הלאומיות,39,שר,2000-10-11,2001-03-07,15
67,14,"העבודה, הרווחה והשירותים החברתיים",39,שר,2000-08-15,2001-03-07,15
85,8,החוץ,40,סגן שר,2000-08-15,2001-03-07,15
155,19,הבריאות,39,שר,2000-08-15,2001-01-16,15
23,8,החוץ,49,"מ""מ שר",2000-08-15,2000-11-02,16
20,7,הבינוי והשיכון,49,"מ""מ שר",2000-08-15,2000-10-11,15
115,15,הפנים,49,"מ""מ שר",2000-08-15,2000-10-11,15
28,8,החוץ,39,שר,2000-08-04,2000-08-15,15
28,7,הבינוי והשיכון,39,שר,2000-07-12,2000-08-15,15
28,23,התשתיות הלאומיות,39,שר,2000-07-11,2000-08-15,15
28,15,הפנים,39,שר,2000-07-11,2000-08-15,15
28,19,הבריאות,39,שר,2000-07-11,2000-08-15,15
28,14,"העבודה, הרווחה והשירותים החברתיים",39,שר,2000-07-11,2000-08-15,15
28,3,לענייני דתות,39,שר,2000-07-11,2000-08-15,15
222,9,החינוך,40,סגן שר,2000-06-27,2000-07-11,15
61,9,החינוך,40,סגן שר,2000-06-27,2000-07-10,15
215,16,התחבורה התשתיות הלאומיות והבטיחות בדרכים,39,שר,2000-06-25,2001-03-07,15
28,10,החקלאות ופיתוח הכפר,39,שר,2000-06-24,2001-03-07,15
28,24,"התעשיה, המסחר והתעסוקה",39,שר,2000-06-24,2001-03-07,15
28,9,החינוך,39,שר,2000-06-24,2001-03-07,15
28,16,התחבורה התשתיות הלאומיות והבטיחות בדרכים,39,שר,2000-05-30,2000-06-25,15
204,11,"המדע, הטכנולוגיה, התרבות והספורט",39,שר,1999-10-11,2001-03-07,15
94,6,הביטחון,40,סגן שר,1999-08-05,2001-03-07,15
215,17,התיירות,39,שר,1999-08-05,2001-03-07,15
220,28,ראש הממשלה,39,שר,1999-08-05,2001-03-07,15
697,2,לקליטת העלייה,57,שרה,1999-08-05,2001-03-07,15
85,8,החוץ,40,סגן שר,1999-08-05,2000-08-04,15
50,18,התקשורת,40,סגן שר,1999-08-05,2000-07-12,15
17,3,לענייני דתות,40,סגן שר,1999-08-05,2000-07-11,15
37,4,האוצר,40,סגן שר,1999-08-05,2000-07-11,15
91,2,לקליטת העלייה,59,סגנית שר,1999-08-05,2000-07-11,15
5,10,החקלאות ופיתוח הכפר,39,שר,1999-08-05,2000-06-24,15
61,9,החינוך,40,סגן שר,1999-08-05,2000-06-24,15
222,9,החינוך,40,סגן שר,1999-08-05,2000-06-24,15
204,150,המדע,39,שר,1999-08-05,1999-10-11,15
20,28,ראש הממשלה,50,סגן ראש הממשלה,1999-07-11,2001-03-07,15
72,28,ראש הממשלה,50,סגן ראש הממשלה,1999-07-11,2000-08-04,15
87,28,ראש הממשלה,50,סגן ראש הממשלה,1999-07-11,2000-05-30,15
8,21,להגנת הסביבה,57,שרה,1999-07-06,2001-03-07,15
18,13,המשפטים,39,שר,1999-07-06,2001-03-07,15
20,18,התקשורת,39,שר,1999-07-06,2001-03-07,15
23,22,לביטחון הפנים,39,שר,1999-07-06,2001-03-07,15
28,6,הביטחון,40,סגן שר,1999-07-06,2001-03-07,15
104,25,לשיתוף פעולה אזורי,39,שר,1999-07-06,2001-03-07,15
115,28,ראש הממשלה,39,שר,1999-07-06,2001-03-07,15
117,4,האוצר,39,שר,1999-07-06,2001-03-07,15
28,28,ראש הממשלה,45,ראש הממשלה,1999-07-06,2000-12-12,15
72,8,החוץ,39,שר,1999-07-06,2000-08-04,15
73,7,הבינוי והשיכון,39,שר,1999-07-06,2000-07-12,15
25,19,הבריאות,39,שר,1999-07-06,2000-07-11,15
63,14,"העבודה, הרווחה והשירותים החברתיים",39,שר,1999-07-06,2000-07-11,15
127,15,הפנים,39,שר,1999-07-06,2000-07-11,15
226,23,התשתיות הלאומיות,39,שר,1999-07-06,2000-07-11,15
65,3,לענייני דתות,39,שר,1999-07-06,2000-06-24,15
66,24,"התעשיה, המסחר והתעסוקה",39,שר,1999-07-06,2000-06-24,15
126,9,החינוך,39,שר,1999-07-06,2000-06-24,15
87,16,התחבורה התשתיות הלאומיות והבטיחות בדרכים,39,שר,1999-07-06,2000-05-30,15
119,4,האוצר,39,שר,1999-02-23,1999-07-06,14
278,6,הביטחון,39,שר,1999-01-27,1999-07-06,14
90,6,הביטחון,39,שר,1999-01-25,1999-01-27,14
97,28,ראש הממשלה,39,שר,1999-01-20,1999-07-06,14
90,4,האוצר,39,שר,1998-12-18,1999-02-23,14
54,9,החינוך,40,סגן שר,1998-11-02,1999-07-06,14
125,8,החוץ,39,שר,1998-10-13,1999-07-06,14
17,3,לענייני דתות,40,סגן שר,1998-09-13,1999-07-06,14
34,3,לענייני דתות,40,סגן שר,1998-09-13,1999-07-06,14
226,3,לענייני דתות,39,שר,1998-09-13,1999-07-06,14
9,28,ראש הממשלה,40,סגן שר,1998-07-13,1999-07-06,14
122,240,"המדע, התרבות והספורט",39,שר,1998-07-13,1999-07-06,14
61,16,התחבורה התשתיות הלאומיות והבטיחות בדרכים,39,שר,1998-02-25,1999-07-06,14
73,9,החינוך,39,שר,1998-02-25,1999-07-06,14
17,3,לענייני דתות,40,סגן שר,1998-02-25,1998-09-13,14
34,3,לענייני דתות,40,סגן שר,1998-02-25,1998-09-13,14
73,3,לענייני דתות,39,שר,1998-02-25,1998-09-13,14
101,9,החינוך,40,סגן שר,1998-01-28,1998-11-02,14
73,9,החינוך,39,שר,1998-01-28,1998-02-25,14
90,3,לענייני דתות,39,שר,1998-01-20,1998-02-25,14
90,9,החינוך,39,שר,1998-01-20,1998-01-28,14
90,8,החוץ,39,שר,1998-01-06,1998-10-13,14
17,3,לענייני דתות,40,סגן שר,1997-08-24,1998-01-20,14
34,3,לענייני דתות,40,סגן שר,1997-08-24,1998-01-20,14
44,3,לענייני דתות,39,שר,1997-08-22,1998-01-20,14
17,3,לענייני דתות,40,סגן שר,1997-08-13,1997-08-22,14
34,3,לענייני דתות,40,סגן שר,1997-08-13,1997-08-22,14
90,3,לענייני דתות,39,שר,1997-08-12,1997-08-22,14
706,4,האוצר,39,שר,1997-07-09,1998-12-18,14
9,240,"המדע, התרבות והספורט",39,שר,1997-07-09,1998-07-13,14
122,6,הביטחון,40,סגן שר,1997-07-09,1998-07-13,14
90,240,"המדע, התרבות והספורט",39,שר,1997-01-18,1997-07-09,14
86,19,הבריאות,39,שר,1996-11-12,1999-07-06,14
45,13,המשפטים,39,שר,1996-11-11,1999-07-06,14
25,19,הבריאות,40,סגן שר,1996-08-13,1999-07-06,14
17,3,לענייני דתות,40,סגן שר,1996-08-13,1997-08-12,14
34,3,לענייני דתות,40,סגן שר,1996-08-13,1997-08-12,14
226,28,ראש הממשלה,39,שר,1996-08-07,1997-08-12,14
125,23,התשתיות הלאומיות,39,שר,1996-07-08,1999-07-06,14
101,9,החינוך,40,סגן שר,1996-07-08,1998-01-20,14
17,28,ראש הממשלה,40,סגן שר,1996-07-08,1996-08-07,14
103,7,הבינוי והשיכון,40,סגן שר,1996-06-24,1999-07-06,14
1,2,לקליטת העלייה,39,שר,1996-06-18,1999-07-06,14
10,120,החקלאות,39,שר,1996-06-18,1999-07-06,14
10,21,להגנת הסביבה,39,שר,1996-06-18,1999-07-06,14
10,28,ראש הממשלה,50,סגן ראש הממשלה,1996-06-18,1999-07-06,14
63,14,"העבודה, הרווחה והשירותים החברתיים",39,שר,1996-06-18,1999-07-06,14
70,18,התקשורת,57,שרה,1996-06-18,1999-07-06,14
90,7,הבינוי והשיכון,39,שר,1996-06-18,1999-07-06,14
90,28,ראש הממשלה,45,ראש הממשלה,1996-06-18,1999-07-06,14
108,22,לביטחון הפנים,39,שר,1996-06-18,1999-07-06,14
110,28,ראש הממשלה,50,סגן ראש הממשלה,1996-06-18,1999-07-06,14
110,17,התיירות,39,שר,1996-06-18,1999-07-06,14
127,24,"התעשיה, המסחר והתעסוקה",39,שר,1996-06-18,1999-07-06,14
226,15,הפנים,39,שר,1996-06-18,1999-06-07,14
87,6,הביטחון,39,שר,1996-06-18,1999-01-25,14
73,16,התחבורה התשתיות הלאומיות והבטיחות בדרכים,39,שר,1996-06-18,1998-02-25,14
44,9,החינוך,39,שר,1996-06-18,1998-01-20,14
44,28,ראש הממשלה,50,סגן ראש הממשלה,1996-06-18,1998-01-20,14
72,8,החוץ,39,שר,1996-06-18,1998-01-06,14
72,28,ראש הממשלה,50,סגן ראש הממשלה,1996-06-18,1998-01-06,14
88,4,האוצר,39,שר,1996-06-18,1997-06-18,14
82,4,האוצר,40,סגן שר,1996-06-18,1997-05-20,14
14,240,"המדע, התרבות והספורט",39,שר,1996-06-18,1997-01-18,14
45,19,הבריאות,39,שר,1996-06-18,1996-11-12,14
706,13,המשפטים,39,שר,1996-06-18,1996-08-10,14
90,3,לענייני דתות,39,שר,1996-06-18,1996-08-07,14
73,50,האנרגיה והתשתיות,39,שר,1996-06-18,1996-07-08,14
4,6,הביטחון,40,סגן שר,1995-11-27,1996-06-18,13
59,15,הפנים,40,סגן שר,1995-11-27,1996-06-18,13
18,28,ראש הממשלה,39,שר,1995-11-22,1996-06-18,13
20,7,הבינוי והשיכון,39,שר,1995-11-22,1996-06-18,13
22,7,הבינוי והשיכון,40,סגן שר,1995-11-22,1996-06-18,13
27,17,התיירות,39,שר,1995-11-22,1996-06-18,13
28,8,החוץ,39,שר,1995-11-22,1996-06-18,13
32,9,החינוך,40,סגן שר,1995-11-22,1996-06-18,13
75,13,המשפטים,39,שר,1995-11-22,1996-06-18,13
85,19,הבריאות,40,סגן שר,1995-11-22,1996-06-18,13
94,19,הבריאות,39,שר,1995-11-22,1996-06-18,13
106,10,החקלאות ופיתוח הכפר,40,סגן שר,1995-11-22,1996-06-18,13
113,9,החינוך,39,שר,1995-11-22,1996-06-18,13
115,15,הפנים,39,שר,1995-11-22,1996-06-18,13
117,4,האוצר,39,שר,1995-11-22,1996-06-18,13
118,22,לביטחון הפנים,39,שר,1995-11-22,1996-06-18,13
126,21,להגנת הסביבה,39,שר,1995-11-22,1996-06-18,13
132,240,"המדע, התרבות והספורט",57,שרה,1995-11-22,1996-06-18,13
132,18,התקשורת,57,שרה,1995-11-22,1996-06-18,13
139,7,הבינוי והשיכון,40,סגן שר,1995-11-22,1996-06-18,13
143,8,החוץ,40,סגן שר,1995-11-22,1996-06-18,13
149,24,"התעשיה, המסחר והתעסוקה",39,שר,1995-11-22,1996-06-18,13
152,24,"התעשיה, המסחר והתעסוקה",59,סגנית שר,1995-11-22,1996-06-18,13
165,2,לקליטת העלייה,39,שר,1995-11-22,1996-06-18,13
167,16,התחבורה התשתיות הלאומיות והבטיחות בדרכים,39,שר,1995-11-22,1996-06-18,13
170,50,האנרגיה והתשתיות,39,שר,1995-11-22,1996-06-18,13
172,3,לענייני דתות,39,שר,1995-11-22,1996-06-18,13
587,10,החקלאות ופיתוח הכפר,39,שר,1995-11-22,1996-06-18,13
705,28,ראש הממשלה,39,שר,1995-11-22,1996-06-18,13
158,14,"העבודה, הרווחה והשירותים החברתיים",57,שרה,1995-11-22,1996-05-21,13
104,28,ראש הממשלה,45,ראש הממשלה,1995-11-05,1996-06-18,13
143,8,החוץ,40,סגן שר,1995-07-24,1995-11-22,13
18,28,ראש הממשלה,39,שר,1995-07-18,1995-11-22,13
28,15,הפנים,39,שר,1995-07-18,1995-11-22,13
75,15,הפנים,39,שר,1995-06-19,1995-07-18,13
172,3,לענייני דתות,39,שר,1995-02-27,1995-11-22,13
27,15,הפנים,39,שר,1995-02-27,1995-06-19,13
170,50,האנרגיה והתשתיות,39,שר,1995-01-09,1995-11-22,13
139,7,הבינוי והשיכון,40,סגן שר,1995-01-02,1995-11-22,13
94,19,הבריאות,39,שר,1994-06-01,1995-11-22,13
168,19,הבריאות,39,שר,1994-02-08,1994-06-01,13
168,15,הפנים,39,שר,1993-09-14,1995-02-27,13
113,9,החינוך,39,שר,1993-06-07,1995-11-22,13
132,240,"המדע, התרבות והספורט",57,שרה,1993-06-07,1995-11-22,13
132,18,התקשורת,57,שרה,1993-06-07,1995-11-22,13
118,50,האנרגיה והתשתיות,39,שר,1993-06-07,1995-01-09,13
41,15,הפנים,39,שר,1993-06-07,1993-09-14,13
41,28,ראש הממשלה,39,שר,1993-05-19,1993-06-07,13
132,28,ראש הממשלה,57,שרה,1993-05-19,1993-06-07,13
22,7,הבינוי והשיכון,40,סגן שר,1993-04-08,1995-11-22,13
126,21,להגנת הסביבה,39,שר,1992-12-31,1995-11-22,13
158,14,"העבודה, הרווחה והשירותים החברתיים",57,שרה,1992-12-31,1995-11-22,13
102,3,לענייני דתות,40,סגן שר,1992-12-31,1993-09-14,13
172,240,"המדע, התרבות והספורט",39,שר,1992-12-31,1993-06-07,13
32,9,החינוך,40,סגן שר,1992-08-04,1995-11-22,13
85,19,הבריאות,40,סגן שר,1992-08-04,1995-11-22,13
106,10,החקלאות ופיתוח הכפר,40,סגן שר,1992-08-04,1995-11-22,13
152,24,"התעשיה, המסחר והתעסוקה",59,סגנית שר,1992-08-04,1995-11-22,13
18,8,החוץ,40,סגן שר,1992-08-04,1995-07-17,13
140,6,הביטחון,40,סגן שר,1992-08-04,1995-07-16,13
22,28,ראש הממשלה,40,סגן שר,1992-08-04,1993-04-08,13
66,7,הבינוי והשיכון,40,סגן שר,1992-08-04,1992-12-31,13
102,4,האוצר,40,סגן שר,1992-08-04,1992-12-31,13
154,9,החינוך,40,סגן שר,1992-07-29,1993-09-12,13
34,7,הבינוי והשיכון,40,סגן שר,1992-07-29,1993-09-09,13
20,7,הבינוי והשיכון,39,שר,1992-07-13,1995-11-22,13
27,17,התיירות,39,שר,1992-07-13,1995-11-22,13
75,13,המשפטים,39,שר,1992-07-13,1995-11-22,13
104,8,החוץ,39,שר,1992-07-13,1995-11-22,13
117,4,האוצר,39,שר,1992-07-13,1995-11-22,13
118,22,לביטחון הפנים,39,שר,1992-07-13,1995-11-22,13
149,24,"התעשיה, המסחר והתעסוקה",39,שר,1992-07-13,1995-11-22,13
165,2,לקליטת העלייה,39,שר,1992-07-13,1995-11-22,13
167,16,התחבורה התשתיות הלאומיות והבטיחות בדרכים,39,שר,1992-07-13,1995-11-22,13
587,10,החקלאות ופיתוח הכפר,39,שר,1992-07-13,1995-11-22,13
168,28,ראש הממשלה,45,ראש הממשלה,1992-07-13,1995-11-04,13
168,6,הביטחון,39,שר,1992-07-13,1995-11-04,13
172,51,הכלכלה והתעשייה,39,שר,1992-07-13,1995-07-18,13
168,3,לענייני דתות,39,שר,1992-07-13,1995-02-27,13
115,19,הבריאות,39,שר,1992-07-13,1994-02-08,13
113,50,האנרגיה והתשתיות,39,שר,1992-07-13,1993-06-07,13
118,18,התקשורת,39,שר,1992-07-13,1993-06-07,13
41,15,הפנים,39,שר,1992-07-13,1993-05-19,13
132,9,החינוך,57,שרה,1992-07-13,1993-05-19,13
113,240,"המדע, התרבות והספורט",39,שר,1992-07-13,1992-12-31,13
158,21,להגנת הסביבה,57,שרה,1992-07-13,1992-12-31,13
168,14,"העבודה, הרווחה והשירותים החברתיים",39,שר,1992-07-13,1992-12-31,13
161,6,הביטחון,40,סגן שר,1991-07-08,1992-07-13,12
43,14,"העבודה, הרווחה והשירותים החברתיים",40,סגן שר,1991-06-08,1992-07-13,12
51,28,ראש הממשלה,39,שר,1991-02-05,1992-01-21,12
146,28,ראש הממשלה,40,סגן שר,1990-11-26,1992-07-13,12
175,28,ראש הממשלה,39,שר,1990-11-26,1992-07-13,12
17,21,להגנת הסביבה,40,סגן שר,1990-11-20,1992-07-13,12
141,16,התחבורה התשתיות הלאומיות והבטיחות בדרכים,40,סגן שר,1990-11-20,1992-07-13,12
330,9,החינוך,40,סגן שר,1990-11-20,1992-07-13,12
686,14,"העבודה, הרווחה והשירותים החברתיים",40,סגן שר,1990-11-19,1992-07-13,12
43,28,ראש הממשלה,40,סגן שר,1990-11-19,1991-06-08,12
17,28,ראש הממשלה,40,סגן שר,1990-08-02,1990-11-20,12
35,28,ראש הממשלה,40,סגן שר,1990-07-23,1992-07-13,12
162,4,האוצר,40,סגן שר,1990-07-02,1992-07-13,12
141,18,התקשורת,40,סגן שר,1990-07-02,1990-11-20,12
330,16,התחבורה התשתיות הלאומיות והבטיחות בדרכים,40,סגן שר,1990-07-02,1990-11-20,12
90,28,ראש הממשלה,40,סגן שר,1990-06-25,1992-07-13,12
112,7,הבינוי והשיכון,40,סגן שר,1990-06-25,1992-07-13,12
499,19,הבריאות,40,סגן שר,1990-06-25,1992-07-13,12
90,8,החוץ,40,סגן שר,1990-06-25,1991-11-11,12
444,240,"המדע, התרבות והספורט",59,סגנית שר,1990-06-25,1991-10-31,12
3,19,הבריאות,39,שר,1990-06-11,1992-07-13,12
44,9,החינוך,39,שר,1990-06-11,1992-07-13,12
72,8,החוץ,39,שר,1990-06-11,1992-07-13,12
82,51,הכלכלה והתעשייה,39,שר,1990-06-11,1992-07-13,12
88,13,המשפטים,39,שר,1990-06-11,1992-07-13,12
102,18,התקשורת,39,שר,1990-06-11,1992-07-13,12
110,16,התחבורה התשתיות הלאומיות והבטיחות בדרכים,39,שר,1990-06-11,1992-07-13,12
116,3,לענייני דתות,39,שר,1990-06-11,1992-07-13,12
125,7,הבינוי והשיכון,39,שר,1990-06-11,1992-07-13,12
155,22,לביטחון הפנים,39,שר,1990-06-11,1992-07-13,12
159,28,ראש הממשלה,50,סגן ראש הממשלה,1990-06-11,1992-07-13,12
163,2,לקליטת העלייה,39,שר,1990-06-11,1992-07-13,12
175,14,"העבודה, הרווחה והשירותים החברתיים",39,שר,1990-06-11,1992-07-13,12
175,21,להגנת הסביבה,39,שר,1990-06-11,1992-07-13,12
175,28,ראש הממשלה,45,ראש הממשלה,1990-06-11,1992-07-13,12
278,6,הביטחון,39,שר,1990-06-11,1992-07-13,12
493,4,האוצר,39,שר,1990-06-11,1992-07-13,12
515,50,האנרגיה והתשתיות,39,שר,1990-06-11,1992-01-21,12
515,11,"המדע, הטכנולוגיה, התרבות והספורט",39,שר,1990-06-11,1992-01-21,12
10,120,החקלאות,39,שר,1990-06-11,1991-12-31,12
159,24,"התעשיה, המסחר והתעסוקה",39,שר,1990-03-07,1992-07-13,12
82,28,ראש הממשלה,39,שר,1990-03-07,1990-06-11,12
155,14,"העבודה, הרווחה והשירותים החברתיים",39,שר,1990-03-07,1990-06-11,12
2,21,להגנת הסביבה,39,שר,1990-03-07,1990-03-15,12
102,15,הפנים,40,סגן שר,1990-01-15,1990-06-11,12
690,11,"המדע, הטכנולוגיה, התרבות והספורט",39,שר,1989-06-11,1990-03-15,12
44,3,לענייני דתות,39,שר,1988-12-27,1990-06-10,12
90,8,החוץ,40,סגן שר,1988-12-26,1990-06-25,12
116,28,ראש הממשלה,39,שר,1988-12-26,1990-06-11,12
18,4,האוצר,40,סגן שר,1988-12-26,1990-03-15,12
41,15,הפנים,39,שר,1988-12-22,1992-07-13,12
72,28,ראש הממשלה,50,סגן ראש הממשלה,1988-12-22,1992-07-13,12
164,17,התיירות,39,שר,1988-12-22,1992-07-13,12
72,7,הבינוי והשיכון,39,שר,1988-12-22,1990-06-11,12
3,28,ראש הממשלה,39,שר,1988-12-22,1990-06-10,12
493,51,הכלכלה והתעשייה,39,שר,1988-12-22,1990-06-10,12
104,28,ראש הממשלה,51,"מ""מ ראש הממשלה",1988-12-22,1990-03-15,12
104,4,האוצר,39,שר,1988-12-22,1990-03-15,12
118,50,האנרגיה והתשתיות,39,שר,1988-12-22,1990-03-15,12
140,28,ראש הממשלה,39,שר,1988-12-22,1990-03-15,12
168,6,הביטחון,39,שר,1988-12-22,1990-03-15,12
193,18,התקשורת,39,שר,1988-12-22,1990-03-15,12
311,123,המשטרה,39,שר,1988-12-22,1990-03-15,12
465,10,החקלאות ופיתוח הכפר,39,שר,1988-12-22,1990-03-15,12
587,19,הבריאות,39,שר,1988-12-22,1990-03-15,12
687,28,ראש הממשלה,50,סגן ראש הממשלה,1988-12-22,1990-03-15,12
687,9,החינוך,39,שר,1988-12-22,1990-03-15,12
2,28,ראש הממשלה,39,שר,1988-12-22,1990-03-07,12
155,21,להגנת הסביבה,39,שר,1988-12-22,1990-03-07,12
159,28,ראש הממשלה,39,שר,1988-12-22,1990-03-07,12
125,24,"התעשיה, המסחר והתעסוקה",39,שר,1988-12-22,1990-02-20,12
567,14,"העבודה, הרווחה והשירותים החברתיים",40,סגן שר,1988-12-22,1989-10-31,12
690,157,המדע והפיתוח,39,שר,1988-12-22,1989-06-11,12
88,13,המשפטים,39,שר,1988-12-21,1990-06-11,12
110,16,התחבורה התשתיות הלאומיות והבטיחות בדרכים,39,שר,1988-12-21,1990-06-11,12
163,2,לקליטת העלייה,39,שר,1988-12-21,1990-06-11,12
175,28,ראש הממשלה,45,ראש הממשלה,1988-11-21,1990-06-11,12
175,14,"העבודה, הרווחה והשירותים החברתיים",39,שר,1988-11-21,1990-03-07,12
164,240,"המדע, התרבות והספורט",39,שר,1988-07-13,1988-12-20,11
278,28,ראש הממשלה,39,שר,1988-04-18,1988-12-22,11
140,28,ראש הממשלה,39,שר,1988-04-18,1988-11-21,11
163,28,ראש הממשלה,39,שר,1987-05-25,1988-12-22,11
44,3,לענייני דתות,39,שר,1986-10-20,1988-12-22,11
102,14,"העבודה, הרווחה והשירותים החברתיים",40,סגן שר,1986-10-20,1988-12-22,11
104,8,החוץ,39,שר,1986-10-20,1988-12-22,11
104,28,ראש הממשלה,51,"מ""מ ראש הממשלה",1986-10-20,1988-12-22,11
110,14,"העבודה, הרווחה והשירותים החברתיים",39,שר,1986-10-20,1988-12-22,11
159,4,האוצר,39,שר,1986-10-20,1988-12-22,11
168,6,הביטחון,39,שר,1986-10-20,1988-12-22,11
269,19,הבריאות,57,שרה,1986-10-20,1988-12-22,11
311,123,המשטרה,39,שר,1986-10-20,1988-12-22,11
465,10,החקלאות ופיתוח הכפר,40,סגן שר,1986-10-20,1988-12-22,11
493,28,ראש הממשלה,39,שר,1986-10-20,1988-12-22,11
598,16,התחבורה התשתיות הלאומיות והבטיחות בדרכים,39,שר,1986-10-20,1988-12-22,12
670,13,המשפטים,39,שר,1986-10-20,1988-12-22,11
155,28,ראש הממשלה,40,סגן שר,1986-10-20,1988-11-21,11
175,28,ראש הממשלה,45,ראש הממשלה,1986-10-20,1988-11-21,11
368,6,הביטחון,40,סגן שר,1986-10-20,1988-11-21,11
261,4,האוצר,40,סגן שר,1986-10-20,1988-11-01,11
278,28,ראש הממשלה,39,שר,1986-10-20,1987-09-04,11
163,15,הפנים,39,שר,1986-10-20,1987-01-06,11
493,13,המשפטים,39,שר,1986-04-16,1988-11-21,11
159,4,האוצר,39,שר,1986-04-16,1986-10-20,11
368,6,הביטחון,40,סגן שר,1985-12-03,1986-10-20,11
102,14,"העבודה, הרווחה והשירותים החברתיים",40,סגן שר,1985-12-02,1986-10-20,11
163,15,הפנים,39,שר,1984-12-24,1986-10-20,11
288,3,לענייני דתות,39,שר,1984-12-23,1986-10-05,11
155,8,החוץ,40,סגן שר,1984-09-24,1986-10-20,11
261,4,האוצר,40,סגן שר,1984-09-24,1986-10-20,11
269,19,הבריאות,59,סגנית שר,1984-09-24,1986-10-20,11
465,10,החקלאות ופיתוח הכפר,40,סגן שר,1984-09-24,1986-10-20,11
686,14,"העבודה, הרווחה והשירותים החברתיים",40,סגן שר,1984-09-24,1985-12-02,11
72,28,ראש הממשלה,50,סגן ראש הממשלה,1984-09-13,1988-12-22,11
72,7,הבינוי והשיכון,39,שר,1984-09-13,1988-12-22,11
118,50,האנרגיה והתשתיות,39,שר,1984-09-13,1988-12-22,11
125,24,"התעשיה, המסחר והתעסוקה",39,שר,1984-09-13,1988-12-22,11
193,51,הכלכלה והתעשייה,39,שר,1984-09-13,1988-12-22,11
375,28,ראש הממשלה,39,שר,1984-09-13,1988-12-22,11
522,10,החקלאות ופיתוח הכפר,39,שר,1984-09-13,1988-12-22,11
587,2,לקליטת העלייה,39,שר,1984-09-13,1988-12-22,11
598,16,התחבורה התשתיות הלאומיות והבטיחות בדרכים,39,שר,1984-09-13,1988-12-22,11
670,17,התיירות,39,שר,1984-09-13,1988-12-22,11
687,28,ראש הממשלה,50,סגן ראש הממשלה,1984-09-13,1988-12-22,11
687,9,החינוך,39,שר,1984-09-13,1988-12-22,11
690,28,ראש הממשלה,39,שר,1984-09-13,1988-12-22,11
703,28,ראש הממשלה,39,שר,1984-09-13,1988-12-22,11
113,18,התקשורת,39,שר,1984-09-13,1987-05-26,11
104,28,ראש הממשלה,45,ראש הממשלה,1984-09-13,1986-10-20,11
110,14,"העבודה, הרווחה והשירותים החברתיים",39,שר,1984-09-13,1986-10-20,11
140,19,הבריאות,39,שר,1984-09-13,1986-10-20,11
159,13,המשפטים,39,שר,1984-09-13,1986-10-20,11
168,6,הביטחון,39,שר,1984-09-13,1986-10-20,11
175,8,החוץ,39,שר,1984-09-13,1986-10-20,11
278,28,ראש הממשלה,39,שר,1984-09-13,1986-10-20,11
311,123,המשטרה,39,שר,1984-09-13,1986-10-20,11
493,4,האוצר,39,שר,1984-09-13,1986-10-20,11
175,28,ראש הממשלה,51,"מ""מ ראש הממשלה",1984-09-13,1986-10-19,11
163,28,ראש הממשלה,39,שר,1984-09-13,1984-12-24,11
104,15,הפנים,39,שר,1984-09-13,1984-12-23,11
104,3,לענייני דתות,39,שר,1984-09-13,1984-12-23,11
451,4,האוצר,39,שר,1983-10-18,1984-09-13,10
44,9,החינוך,39,שר,1983-10-10,1984-09-13,10
72,28,ראש הממשלה,50,סגן ראש הממשלה,1983-10-10,1984-09-13,10
110,7,הבינוי והשיכון,40,סגן שר,1983-10-10,1984-09-13,10
125,28,ראש הממשלה,39,שר,1983-10-10,1984-09-13,10
166,4,האוצר,40,סגן שר,1983-10-10,1984-09-13,10
175,28,ראש הממשלה,45,ראש הממשלה,1983-10-10,1984-09-13,10
202,3,לענייני דתות,40,סגן שר,1983-10-10,1984-09-13,10
348,10,החקלאות ופיתוח הכפר,39,שר,1983-10-10,1984-09-13,10
359,28,ראש הממשלה,57,שרה,1983-10-10,1984-09-13,10
368,120,החקלאות,40,סגן שר,1983-10-10,1984-09-13,10
493,50,האנרגיה והתשתיות,39,שר,1983-10-10,1984-09-13,10
515,11,"המדע, הטכנולוגיה, התרבות והספורט",39,שר,1983-10-10,1984-09-13,10
612,14,"העבודה, הרווחה והשירותים החברתיים",40,סגן שר,1983-10-10,1984-09-13,10
175,8,החוץ,39,שר,1983-10-10,1984-09-12,10
173,28,ראש הממשלה,40,סגן שר,1983-10-10,1984-08-13,10
341,9,החינוך,59,סגנית שר,1983-10-10,1984-08-13,10
598,16,התחבורה התשתיות הלאומיות והבטיחות בדרכים,39,שר,1983-10-10,1984-08-13,10
303,28,ראש הממשלה,39,שר,1983-10-10,1984-01-31,10
300,8,החוץ,40,סגן שר,1983-10-10,1983-12-26,10
359,28,ראש הממשלה,57,שרה,1983-07-05,1983-10-10,10
278,6,הביטחון,39,שר,1983-02-23,1984-09-13,10
125,28,ראש הממשלה,39,שר,1983-02-14,1983-10-10,10
692,6,הביטחון,39,שר,1983-02-14,1983-02-23,10
493,50,האנרגיה והתשתיות,39,שר,1982-10-19,1983-10-10,10
515,11,"המדע, הטכנולוגיה, התרבות והספורט",39,שר,1982-07-26,1983-10-10,10
303,28,ראש הממשלה,39,שר,1982-07-05,1983-10-10,10
242,14,"העבודה, הרווחה והשירותים החברתיים",39,שר,1982-05-04,1984-09-13,10
72,28,ראש הממשלה,50,סגן ראש הממשלה,1981-11-03,1983-10-10,10
166,4,האוצר,40,סגן שר,1981-08-28,1983-10-10,10
110,7,הבינוי והשיכון,40,סגן שר,1981-08-11,1983-10-10,10
173,28,ראש הממשלה,40,סגן שר,1981-08-11,1983-10-10,10
202,3,לענייני דתות,40,סגן שר,1981-08-11,1983-10-10,10
300,8,החוץ,40,סגן שר,1981-08-11,1983-10-10,10
341,9,החינוך,59,סגנית שר,1981-08-11,1983-10-10,10
348,10,החקלאות ופיתוח הכפר,40,סגן שר,1981-08-11,1983-10-10,10
368,120,החקלאות,40,סגן שר,1981-08-11,1983-10-10,10
612,14,"העבודה, הרווחה והשירותים החברתיים",40,סגן שר,1981-08-11,1983-10-10,10
650,16,התחבורה התשתיות הלאומיות והבטיחות בדרכים,40,סגן שר,1981-08-11,1982-10-18,10
242,2,לקליטת העלייה,40,סגן שר,1981-08-11,1982-05-04,10
72,7,הבינוי והשיכון,39,שר,1981-08-05,1984-08-13,10
159,13,המשפטים,39,שר,1981-08-05,1984-08-13,10
164,24,"התעשיה, המסחר והתעסוקה",39,שר,1981-08-05,1984-08-13,10
288,3,לענייני דתות,39,שר,1981-08-05,1984-08-13,10
288,15,הפנים,39,שר,1981-08-05,1984-08-13,10
511,51,הכלכלה והתעשייה,39,שר,1981-08-05,1984-08-13,10
592,18,התקשורת,39,שר,1981-08-05,1984-08-13,10
638,19,הבריאות,39,שר,1981-08-05,1984-08-13,10
670,17,התיירות,39,שר,1981-08-05,1984-08-13,10
275,120,החקלאות,39,שר,1981-08-05,1983-10-10,10
275,28,ראש הממשלה,50,סגן ראש הממשלה,1981-08-05,1983-10-10,10
274,4,האוצר,39,שר,1981-08-05,1983-10-09,10
44,9,החינוך,39,שר,1981-08-05,1983-09-15,10
175,8,החוץ,39,שר,1981-08-05,1983-09-15,10
598,16,התחבורה התשתיות הלאומיות והבטיחות בדרכים,39,שר,1981-08-05,1983-09-15,10
692,28,ראש הממשלה,45,ראש הממשלה,1981-08-05,1983-09-15,10
125,6,הביטחון,39,שר,1981-08-05,1983-02-14,10
493,28,ראש הממשלה,39,שר,1981-08-05,1982-10-19,10
317,50,האנרגיה והתשתיות,39,שר,1981-08-05,1982-09-30,10
178,2,לקליטת העלייה,39,שר,1981-08-05,1982-05-04,10
178,14,"העבודה, הרווחה והשירותים החברתיים",39,שר,1981-08-05,1982-05-04,10
274,4,האוצר,39,שר,1981-01-21,1981-08-05,9
274,18,התקשורת,39,שר,1981-01-05,1981-08-05,9
692,6,הביטחון,39,שר,1980-05-28,1981-07-20,9
175,8,החוץ,39,שר,1980-03-12,1981-07-19,9
275,28,ראש הממשלה,50,סגן ראש הממשלה,1979-11-07,1981-08-05,9
375,4,האוצר,39,שר,1979-11-07,1981-01-21,9
692,8,החוץ,39,שר,1979-10-23,1980-03-10,9
72,7,הבינוי והשיכון,39,שר,1979-01-15,1981-08-05,9
164,24,"התעשיה, המסחר והתעסוקה",39,שר,1979-01-15,1981-08-05,9
489,16,התחבורה התשתיות הלאומיות והבטיחות בדרכים,39,שר,1979-01-15,1981-08-05,9
493,18,התקשורת,39,שר,1979-01-15,1981-08-05,9
184,28,ראש הממשלה,50,סגן ראש הממשלה,1978-10-24,1981-08-05,9
159,28,ראש הממשלה,39,שר,1978-01-10,1980-08-13,9
489,28,ראש הממשלה,39,שר,1978-01-10,1979-01-15,9
679,13,המשפטים,39,שר,1977-10-24,1981-08-05,9
702,14,"העבודה, הרווחה והשירותים החברתיים",39,שר,1977-10-24,1981-08-05,9
556,18,התקשורת,39,שר,1977-10-24,1978-09-15,9
274,28,ראש הממשלה,40,סגן שר,1977-07-04,1981-01-04,9
592,6,הביטחון,40,סגן שר,1977-06-28,1981-08-05,9
569,4,האוצר,40,סגן שר,1977-06-28,1979-07-30,9
582,24,"התעשיה, המסחר והתעסוקה",40,סגן שר,1977-06-28,1979-01-15,9
125,10,החקלאות ופיתוח הכפר,39,שר,1977-06-21,1981-08-05,9
164,7,הבינוי והשיכון,39,שר,1977-06-21,1977-10-24,9
44,9,החינוך,39,שר,1977-06-20,1981-08-05,9
72,2,לקליטת העלייה,39,שר,1977-06-20,1981-08-05,9
178,3,לענייני דתות,39,שר,1977-06-20,1981-08-05,9
275,4,האוצר,39,שר,1977-06-20,1981-08-05,9
288,15,הפנים,39,שר,1977-06-20,1981-08-05,9
493,50,האנרגיה והתשתיות,39,שר,1977-06-20,1981-08-05,9
638,19,הבריאות,39,שר,1977-06-20,1981-08-05,9
692,28,ראש הממשלה,45,ראש הממשלה,1977-06-20,1981-07-20,9
690,6,הביטחון,39,שר,1977-06-20,1980-05-26,9
688,8,החוץ,39,שר,1977-06-20,1979-10-23,9
375,17,התיירות,39,שר,1977-06-20,1979-01-15,9
375,24,"התעשיה, המסחר והתעסוקה",39,שר,1977-06-20,1979-01-15,9
692,13,המשפטים,39,שר,1977-06-20,1977-10-24,9
692,18,התקשורת,39,שר,1977-06-20,1977-10-24,9
692,16,התחבורה התשתיות הלאומיות והבטיחות בדרכים,39,שר,1977-06-20,1977-10-24,9
692,14,"העבודה, הרווחה והשירותים החברתיים",39,שר,1977-06-20,1977-10-24,9
164,17,התיירות,39,שר,1977-01-15,1981-08-05,9
44,135,הסעד,39,שר,1975-11-04,1976-12-21,8
288,135,הסעד,39,שר,1975-07-29,1975-11-04,8
497,10,החקלאות ופיתוח הכפר,40,סגן שר,1975-03-24,1977-06-20,8
242,18,התקשורת,39,שר,1975-03-20,1977-06-20,8
288,15,הפנים,39,שר,1974-10-30,1977-06-13,8
417,135,הסעד,39,שר,1974-07-16,1975-07-02,8
311,24,"התעשיה, המסחר והתעסוקה",39,שר,1974-06-03,1977-06-21,8
104,6,הביטחון,39,שר,1974-06-03,1977-06-20,8
168,28,ראש הממשלה,45,ראש הממשלה,1974-06-03,1977-06-20,8
181,9,החינוך,39,שר,1974-06-03,1977-06-20,8
193,16,התחבורה התשתיות הלאומיות והבטיחות בדרכים,39,שר,1974-06-03,1977-06-20,8
373,28,ראש הממשלה,39,שר,1974-06-03,1977-06-20,8
380,22,לביטחון הפנים,39,שר,1974-06-03,1977-06-20,8
585,13,המשפטים,39,שר,1974-06-03,1977-06-20,8
593,17,התיירות,39,שר,1974-06-03,1977-06-20,8
611,4,האוצר,39,שר,1974-06-03,1977-06-20,8
616,2,לקליטת העלייה,39,שר,1974-06-03,1977-06-20,8
654,19,הבריאות,39,שר,1974-06-03,1977-06-20,8
682,8,החוץ,39,שר,1974-06-03,1977-06-20,8
242,10,החקלאות ופיתוח הכפר,39,שר,1974-06-03,1977-06-13,8
319,140,העבודה,39,שר,1974-06-03,1977-06-13,8
342,28,ראש הממשלה,39,שר,1974-06-03,1977-06-13,8
552,142,השיכון,39,שר,1974-06-03,1977-01-03,8
682,28,ראש הממשלה,51,"מ""מ ראש הממשלה",1974-06-03,1976-01-16,8
168,18,התקשורת,39,שר,1974-06-03,1975-03-20,8
440,137,ההסברה,39,שר,1974-06-03,1975-02-04,8
132,28,ראש הממשלה,57,שרה,1974-06-03,1974-11-06,8
380,15,הפנים,39,שר,1974-06-03,1974-07-16,8
585,141,הדתות,39,שר,1974-06-03,1974-07-16,8
654,135,הסעד,39,שר,1974-06-03,1974-07-16,8
497,18,התקשורת,40,סגן שר,1974-05-06,1975-03-24,8
380,22,לביטחון הפנים,39,שר,1974-03-10,1977-06-13,8
585,13,המשפטים,39,שר,1974-03-10,1977-06-13,8
654,19,הבריאות,39,שר,1974-03-10,1977-06-13,8
104,137,ההסברה,39,שר,1974-03-10,1974-06-03,8
104,28,ראש הממשלה,39,שר,1974-03-10,1974-06-03,8
168,140,העבודה,39,שר,1974-03-10,1974-06-03,8
236,8,החוץ,39,שר,1974-03-10,1974-06-03,8
242,18,התקשורת,39,שר,1974-03-10,1974-06-03,8
288,15,הפנים,39,שר,1974-03-10,1974-06-03,8
311,24,"התעשיה, המסחר והתעסוקה",39,שר,1974-03-10,1974-06-03,8
311,139,הפיתוח,39,שר,1974-03-10,1974-06-03,8
324,120,החקלאות,39,שר,1974-03-10,1974-06-03,8
342,28,ראש הממשלה,39,שר,1974-03-10,1974-06-03,8
373,28,ראש הממשלה,39,שר,1974-03-10,1974-06-03,8
417,135,הסעד,39,שר,1974-03-10,1974-06-03,8
440,16,התחבורה התשתיות הלאומיות והבטיחות בדרכים,39,שר,1974-03-10,1974-06-03,8
545,4,האוצר,39,שר,1974-03-10,1974-06-03,8
593,17,התיירות,39,שר,1974-03-10,1974-06-03,8
611,142,השיכון,39,שר,1974-03-10,1974-06-03,8
616,2,לקליטת העלייה,39,שר,1974-03-10,1974-06-03,8
630,141,הדתות,39,שר,1974-03-10,1974-06-03,8
682,9,החינוך,39,שר,1974-03-10,1974-06-03,8
682,28,ראש הממשלה,50,סגן ראש הממשלה,1974-03-10,1974-06-03,8
685,28,ראש הממשלה,45,ראש הממשלה,1974-03-10,1974-06-03,8
688,6,הביטחון,39,שר,1974-03-10,1974-06-03,8
44,9,החינוך,40,סגן שר,1973-01-16,1974-01-20,7
311,24,"התעשיה, המסחר והתעסוקה",39,שר,1972-03-06,1974-03-10,7
497,18,התקשורת,40,סגן שר,1971-10-27,1974-03-10,7
404,19,הבריאות,40,סגן שר,1971-05-24,1974-02-14,7
104,143,הדואר,39,שר,1970-09-01,1974-03-10,17
104,28,ראש הממשלה,39,שר,1970-09-01,1974-03-10,7
288,15,הפנים,39,שר,1970-09-01,1974-03-10,7
324,139,הפיתוח,39,שר,1970-09-01,1974-03-10,7
417,135,הסעד,39,שר,1970-09-01,1974-03-10,7
545,24,"התעשיה, המסחר והתעסוקה",39,שר,1970-09-01,1974-03-10,7
104,16,התחבורה התשתיות הלאומיות והבטיחות בדרכים,39,שר,1970-09-01,1974-01-21,7
116,9,החינוך,40,סגן שר,1970-09-01,1972-07-17,7
566,2,לקליטת העלייה,39,שר,1970-07-27,1974-03-10,7
654,19,הבריאות,39,שר,1970-07-27,1974-03-10,7
181,9,החינוך,40,סגן שר,1969-12-22,1974-03-10,7
365,4,האוצר,40,סגן שר,1969-12-22,1974-03-10,7
419,120,החקלאות,40,סגן שר,1969-12-22,1974-03-10,7
658,17,התיירות,40,סגן שר,1969-12-22,1974-03-10,7
331,15,הפנים,40,סגן שר,1969-12-22,1970-09-01,7
417,9,החינוך,40,סגן שר,1969-12-22,1970-09-01,7
104,2,לקליטת העלייה,39,שר,1969-12-22,1970-07-27,7
324,19,הבריאות,39,שר,1969-12-22,1970-07-27,7
236,8,החוץ,39,שר,1969-12-15,1974-03-10,7
259,140,העבודה,39,שר,1969-12-15,1974-03-10,7
324,120,החקלאות,39,שר,1969-12-15,1974-03-10,7
342,28,ראש הממשלה,39,שר,1969-12-15,1974-03-10,7
380,22,לביטחון הפנים,39,שר,1969-12-15,1974-03-10,7
398,141,הדתות,39,שר,1969-12-15,1974-03-10,7
545,4,האוצר,39,שר,1969-12-15,1974-03-10,7
593,17,התיירות,39,שר,1969-12-15,1974-03-10,7
654,28,ראש הממשלה,39,שר,1969-12-15,1974-03-10,7
671,142,השיכון,39,שר,1969-12-15,1974-03-10,7
682,9,החינוך,39,שר,1969-12-15,1974-03-10,7
682,28,ראש הממשלה,50,סגן ראש הממשלה,1969-12-15,1974-03-10,7
685,28,ראש הממשלה,45,ראש הממשלה,1969-12-15,1974-03-10,7
688,6,הביטחון,39,שר,1969-12-15,1974-01-21,7
665,13,המשפטים,39,שר,1969-12-15,1972-06-13,7
104,28,ראש הממשלה,39,שר,1969-12-15,1970-09-01,7
288,135,הסעד,39,שר,1969-12-15,1970-09-01,7
489,139,הפיתוח,39,שר,1969-12-15,1970-08-06,7
544,24,"התעשיה, המסחר והתעסוקה",39,שר,1969-12-15,1970-08-06,7
624,143,הדואר,39,שר,1969-12-15,1970-08-06,7
690,16,התחבורה התשתיות הלאומיות והבטיחות בדרכים,39,שר,1969-12-15,1970-08-06,7
692,28,ראש הממשלה,39,שר,1969-12-15,1970-08-06,7
701,28,ראש הממשלה,39,שר,1969-12-15,1970-08-06,7
663,15,הפנים,39,שר,1969-12-15,1970-07-16,7
315,28,ראש הממשלה,39,שר,1969-12-15,1970-06-12,7
673,123,המשטרה,39,שר,1969-03-17,1969-12-17,6
259,140,העבודה,39,שר,1969-03-17,1969-12-15,6
277,9,החינוך,39,שר,1969-03-17,1969-12-15,6
365,4,האוצר,40,סגן שר,1969-03-17,1969-12-15,6
441,143,הדואר,39,שר,1969-03-17,1969-12-15,6
456,9,החינוך,40,סגן שר,1969-03-17,1969-12-15,6
544,28,ראש הממשלה,39,שר,1969-03-17,1969-12-15,6
658,139,הפיתוח,40,סגן שר,1969-03-17,1969-12-15,6
671,4,האוצר,39,שר,1969-03-17,1969-12-15,6
671,24,"התעשיה, המסחר והתעסוקה",39,שר,1969-03-17,1969-12-15,6
685,28,ראש הממשלה,45,ראש הממשלה,1969-03-17,1969-12-15,6
688,6,הביטחון,39,שר,1969-03-17,1969-12-15,6
692,28,ראש הממשלה,39,שר,1969-03-17,1969-12-15,6
181,9,החינוך,40,סגן שר,1969-03-17,1969-11-17,6
242,10,החקלאות ופיתוח הכפר,40,סגן שר,1969-03-17,1969-11-17,6
301,15,הפנים,40,סגן שר,1969-03-17,1969-11-17,6
324,28,ראש הממשלה,39,שר,1969-03-17,1969-11-17,6
642,3,לענייני דתות,40,סגן שר,1969-03-17,1969-11-17,6
255,2,לקליטת העלייה,40,סגן שר,1968-08-12,1969-12-15,6
545,28,ראש הממשלה,39,שר,1968-08-05,1969-03-17,6
671,4,האוצר,39,שר,1968-08-05,1969-03-17,6
365,4,האוצר,40,סגן שר,1967-07-24,1969-03-17,6
342,137,ההסברה,39,שר,1967-06-05,1969-03-17,6
544,28,ראש הממשלה,39,שר,1967-06-05,1969-03-17,6
688,6,הביטחון,39,שר,1967-06-05,1969-03-17,6
692,28,ראש הממשלה,39,שר,1967-06-05,1969-03-17,6
441,143,הדואר,39,שר,1967-01-02,1969-03-17,6
673,123,המשטרה,39,שר,1967-01-02,1969-03-17,6
255,24,"התעשיה, המסחר והתעסוקה",40,סגן שר,1966-11-28,1967-06-26,6
671,24,"התעשיה, המסחר והתעסוקה",39,שר,1966-11-22,1969-03-17,6
255,24,"התעשיה, המסחר והתעסוקה",40,סגן שר,1966-10-17,1966-11-22,6
181,9,החינוך,40,סגן שר,1966-01-17,1969-03-17,6
242,10,החקלאות ופיתוח הכפר,40,סגן שר,1966-01-17,1969-03-17,6
301,15,הפנים,40,סגן שר,1966-01-17,1969-03-17,6
456,9,החינוך,40,סגן שר,1966-01-17,1969-03-17,6
658,139,הפיתוח,40,סגן שר,1966-01-17,1969-03-17,6
365,6,הביטחון,40,סגן שר,1966-01-17,1967-06-05,6
236,8,החוץ,39,שר,1966-01-12,1969-11-17,6
277,9,החינוך,39,שר,1966-01-12,1969-11-17,6
288,135,הסעד,39,שר,1966-01-12,1969-11-17,6
305,142,השיכון,39,שר,1966-01-12,1969-11-17,6
315,19,הבריאות,39,שר,1966-01-12,1969-11-17,6
398,141,הדתות,39,שר,1966-01-12,1969-11-17,6
467,16,התחבורה התשתיות הלאומיות והבטיחות בדרכים,39,שר,1966-01-12,1969-11-17,6
593,17,התיירות,39,שר,1966-01-12,1969-11-17,6
593,139,הפיתוח,39,שר,1966-01-12,1969-11-17,6
663,15,הפנים,39,שר,1966-01-12,1969-11-17,6
665,13,המשפטים,39,שר,1966-01-12,1969-11-17,6
324,120,החקלאות,39,שר,1966-01-12,1969-03-17,6
682,140,העבודה,39,שר,1966-01-12,1969-03-17,6
683,28,ראש הממשלה,45,ראש הממשלה,1966-01-12,1969-02-26,6
545,4,האוצר,39,שר,1966-01-12,1968-08-05,6
342,28,ראש הממשלה,39,שר,1966-01-12,1967-06-05,6
683,6,הביטחון,39,שר,1966-01-12,1967-06-05,6
643,123,המשטרה,39,שר,1966-01-12,1967-01-02,6
673,143,הדואר,39,שר,1966-01-12,1967-01-02,6
585,24,"התעשיה, המסחר והתעסוקה",39,שר,1966-01-12,1966-11-22,6
683,142,השיכון,39,שר,1965-05-31,1965-12-22,5
467,16,התחבורה התשתיות הלאומיות והבטיחות בדרכים,39,שר,1965-05-25,1966-01-12,5
585,24,"התעשיה, המסחר והתעסוקה",39,שר,1965-05-25,1966-01-12,5
585,139,הפיתוח,39,שר,1965-05-25,1966-01-12,5
301,19,הבריאות,40,סגן שר,1965-03-24,1966-01-12,5
181,9,החינוך,40,סגן שר,1964-12-23,1966-01-12,5
301,15,הפנים,40,סגן שר,1964-12-23,1966-01-12,5
456,9,החינוך,40,סגן שר,1964-12-23,1965-11-22,5
104,6,הביטחון,40,סגן שר,1964-12-23,1965-05-31,5
630,19,הבריאות,40,סגן שר,1964-12-23,1965-03-22,5
188,13,המשפטים,39,שר,1964-12-22,1966-01-12,5
277,9,החינוך,39,שר,1964-12-22,1966-01-12,5
398,141,הדתות,39,שר,1964-12-22,1966-01-12,5
545,4,האוצר,39,שר,1964-12-22,1966-01-12,5
643,123,המשטרה,39,שר,1964-12-22,1966-01-12,5
663,15,הפנים,39,שר,1964-12-22,1966-01-12,5
663,19,הבריאות,39,שר,1964-12-22,1966-01-12,5
673,143,הדואר,39,שר,1964-12-22,1966-01-12,5
682,140,העבודה,39,שר,1964-12-22,1966-01-12,5
685,8,החוץ,57,שרה,1964-12-22,1966-01-12,5
688,120,החקלאות,39,שר,1964-12-22,1966-01-12,5
545,24,"התעשיה, המסחר והתעסוקה",39,שר,1964-12-22,1965-05-31,5
259,139,הפיתוח,39,שר,1964-12-22,1965-05-25,5
259,142,השיכון,39,שר,1964-12-22,1965-05-25,5
310,16,התחבורה התשתיות הלאומיות והבטיחות בדרכים,39,שר,1964-12-22,1965-05-04,5
683,28,ראש הממשלה,45,ראש הממשלה,1964-11-22,1966-01-12,5
324,120,החקלאות,39,שר,1964-11-09,1964-12-22,5
181,9,החינוך,40,סגן שר,1964-06-01,1964-12-22,5
326,28,ראש הממשלה,39,שר,1963-12-02,1964-12-22,5
104,6,הביטחון,40,סגן שר,1963-07-01,1964-12-22,5
301,15,הפנים,40,סגן שר,1963-07-01,1964-12-22,5
456,9,החינוך,40,סגן שר,1963-07-01,1964-12-22,5
630,19,הבריאות,40,סגן שר,1963-07-01,1964-12-22,5
188,13,המשפטים,39,שר,1963-06-26,1964-12-22,5
277,9,החינוך,39,שר,1963-06-26,1964-12-22,5
310,16,התחבורה התשתיות הלאומיות והבטיחות בדרכים,39,שר,1963-06-26,1964-12-22,5
398,141,הדתות,39,שר,1963-06-26,1964-12-22,5
545,4,האוצר,39,שר,1963-06-26,1964-12-22,5
545,24,"התעשיה, המסחר והתעסוקה",39,שר,1963-06-26,1964-12-22,5
643,123,המשטרה,39,שר,1963-06-26,1964-12-22,5
663,15,הפנים,39,שר,1963-06-26,1964-12-22,5
663,19,הבריאות,39,שר,1963-06-26,1964-12-22,5
673,143,הדואר,39,שר,1963-06-26,1964-12-22,5
682,140,העבודה,39,שר,1963-06-26,1964-12-22,5
685,8,החוץ,57,שרה,1963-06-26,1964-12-22,5
259,139,הפיתוח,39,שר,1963-06-26,1964-12-15,5
259,142,השיכון,39,שר,1963-06-26,1964-12-15,5
683,6,הביטחון,39,שר,1963-06-26,1964-11-22,5
683,7,הבינוי והשיכון,39,שר,1963-06-26,1964-11-22,5
683,28,ראש הממשלה,45,ראש הממשלה,1963-06-26,1964-11-22,5
688,120,החקלאות,39,שר,1963-06-26,1964-11-09,5
301,15,הפנים,40,סגן שר,1963-02-18,1963-06-26,5
597,4,האוצר,40,סגן שר,1962-05-30,1963-06-26,5
310,16,התחבורה התשתיות הלאומיות והבטיחות בדרכים,39,שר,1962-05-28,1963-06-26,5
456,9,החינוך,40,סגן שר,1961-11-29,1963-06-26,5
104,6,הביטחון,40,סגן שר,1961-11-06,1963-06-26,5
630,19,הבריאות,40,סגן שר,1961-11-06,1963-06-26,5
266,9,החינוך,40,סגן שר,1961-11-06,1963-05-17,5
288,135,הסעד,39,שר,1961-11-02,1965-11-22,5
188,13,המשפטים,39,שר,1961-11-02,1963-06-26,5
236,28,ראש הממשלה,50,סגן ראש הממשלה,1961-11-02,1963-06-26,5
236,9,החינוך,39,שר,1961-11-02,1963-06-26,5
259,28,ראש הממשלה,39,שר,1961-11-02,1963-06-26,5
398,141,הדתות,39,שר,1961-11-02,1963-06-26,5
545,24,"התעשיה, המסחר והתעסוקה",39,שר,1961-11-02,1963-06-26,5
643,123,המשטרה,39,שר,1961-11-02,1963-06-26,5
663,19,הבריאות,39,שר,1961-11-02,1963-06-26,5
663,15,הפנים,39,שר,1961-11-02,1963-06-26,5
673,143,הדואר,39,שר,1961-11-02,1963-06-26,5
682,140,העבודה,39,שר,1961-11-02,1963-06-26,5
683,4,האוצר,39,שר,1961-11-02,1963-06-26,5
684,28,ראש הממשלה,45,ראש הממשלה,1961-11-02,1963-06-26,5
684,6,הביטחון,39,שר,1961-11-02,1963-06-26,5
685,8,החוץ,57,שרה,1961-11-02,1963-06-26,5
688,120,החקלאות,39,שר,1961-11-02,1963-06-26,5
190,142,השיכון,39,שר,1961-11-02,1962-08-23,5
190,139,הפיתוח,39,שר,1961-11-02,1962-08-23,5
294,16,התחבורה התשתיות הלאומיות והבטיחות בדרכים,39,שר,1961-11-02,1962-05-28,5
236,9,החינוך,39,שר,1960-08-03,1961-11-02,4
505,143,הדואר,39,שר,1960-07-18,1961-05-30,4
684,9,החינוך,39,שר,1960-05-10,1960-08-03,4
700,141,הדתות,39,שר,1959-12-30,1961-09-04,4
266,9,החינוך,40,סגן שר,1959-12-28,1961-11-02,4
104,6,הביטחון,40,סגן שר,1959-12-21,1961-11-02,4
190,140,העבודה,39,שר,1959-12-17,1961-11-02,4
236,28,ראש הממשלה,39,שר,1959-12-17,1961-11-02,4
288,135,הסעד,39,שר,1959-12-17,1961-11-02,4
294,16,התחבורה התשתיות הלאומיות והבטיחות בדרכים,39,שר,1959-12-17,1961-11-02,4
305,139,הפיתוח,39,שר,1959-12-17,1961-11-02,4
315,19,הבריאות,39,שר,1959-12-17,1961-11-02,4
545,24,"התעשיה, המסחר והתעסוקה",39,שר,1959-12-17,1961-11-02,4
615,13,המשפטים,39,שר,1959-12-17,1961-11-02,4
643,123,המשטרה,39,שר,1959-12-17,1961-11-02,4
663,15,הפנים,39,שר,1959-12-17,1961-11-02,4
683,4,האוצר,39,שר,1959-12-17,1961-11-02,4
684,28,ראש הממשלה,45,ראש הממשלה,1959-12-17,1961-11-02,4
685,8,החוץ,57,שרה,1959-12-17,1961-11-02,4
688,120,החקלאות,39,שר,1959-12-17,1961-11-02,4
277,9,החינוך,39,שר,1959-12-17,1960-05-10,4
700,141,הדתות,39,שר,1958-12-03,1959-11-30,3
245,9,החינוך,40,סגן שר,1958-01-13,1958-07-01,8
277,9,החינוך,39,שר,1958-01-07,1959-12-17,3
305,139,הפיתוח,39,שר,1958-01-07,1959-12-17,3
310,15,הפנים,39,שר,1958-01-07,1959-12-17,3
315,19,הבריאות,39,שר,1958-01-07,1959-12-17,3
467,16,התחבורה התשתיות הלאומיות והבטיחות בדרכים,39,שר,1958-01-07,1959-12-17,3
473,120,החקלאות,39,שר,1958-01-07,1959-12-17,3
525,140,העבודה,39,שר,1958-01-07,1959-12-17,3
529,28,ראש הממשלה,39,שר,1958-01-07,1959-12-17,3
545,24,"התעשיה, המסחר והתעסוקה",39,שר,1958-01-07,1959-12-17,3
586,120,החקלאות,40,סגן שר,1958-01-07,1959-12-17,3
615,13,המשפטים,39,שר,1958-01-07,1959-12-17,3
643,123,המשטרה,39,שר,1958-01-07,1959-12-17,3
683,4,האוצר,39,שר,1958-01-07,1959-12-17,3
684,28,ראש הממשלה,45,ראש הממשלה,1958-01-07,1959-12-17,3
288,143,הדואר,39,שר,1958-01-07,1958-07-01,3
663,141,הדתות,39,שר,1958-01-07,1958-07-01,3
663,135,הסעד,39,שר,1958-01-07,1958-07-01,3
685,8,החוץ,57,שרה,1956-06-19,1959-12-17,3
525,140,העבודה,39,שר,1956-06-19,1958-01-07,3
245,9,החינוך,40,סגן שר,1956-03-22,1957-12-31,3
586,120,החקלאות,40,סגן שר,1955-12-05,1958-01-07,3
277,9,החינוך,39,שר,1955-11-03,1958-01-07,3
288,143,הדואר,39,שר,1955-11-03,1958-01-07,3
305,139,הפיתוח,39,שר,1955-11-03,1958-01-07,3
310,15,הפנים,39,שר,1955-11-03,1958-01-07,3
315,19,הבריאות,39,שר,1955-11-03,1958-01-07,3
467,16,התחבורה התשתיות הלאומיות והבטיחות בדרכים,39,שר,1955-11-03,1958-01-07,3
473,120,החקלאות,39,שר,1955-11-03,1958-01-07,3
529,28,ראש הממשלה,39,שר,1955-11-03,1958-01-07,3
545,24,"התעשיה, המסחר והתעסוקה",39,שר,1955-11-03,1958-01-07,3
615,13,המשפטים,39,שר,1955-11-03,1958-01-07,3
643,123,המשטרה,39,שר,1955-11-03,1958-01-07,3
663,135,הסעד,39,שר,1955-11-03,1958-01-07,3
663,141,הדתות,39,שר,1955-11-03,1958-01-07,3
683,4,האוצר,39,שר,1955-11-03,1958-01-07,3
684,28,ראש הממשלה,45,ראש הממשלה,1955-11-03,1958-01-07,3
672,8,החוץ,39,שר,1955-11-03,1956-06-19,3
685,140,העבודה,57,שרה,1955-11-03,1956-06-19,3
188,19,הבריאות,39,שר,1955-06-29,1955-11-03,2
188,139,הפיתוח,39,שר,1955-06-29,1955-11-03,2
277,16,התחבורה התשתיות הלאומיות והבטיחות בדרכים,39,שר,1955-06-29,1955-11-03,2
288,143,הדואר,39,שר,1955-06-29,1955-11-03,2
363,9,החינוך,39,שר,1955-06-29,1955-11-03,2
529,120,החקלאות,39,שר,1955-06-29,1955-11-03,2
529,24,"התעשיה, המסחר והתעסוקה",39,שר,1955-06-29,1955-11-03,2
615,13,המשפטים,39,שר,1955-06-29,1955-11-03,2
643,123,המשטרה,39,שר,1955-06-29,1955-11-03,2
663,135,הסעד,39,שר,1955-06-29,1955-11-03,2
663,141,הדתות,39,שר,1955-06-29,1955-11-03,2
663,15,הפנים,39,שר,1955-06-29,1955-11-03,2
672,8,החוץ,39,שר,1955-06-29,1955-11-03,2
672,28,ראש הממשלה,45,ראש הממשלה,1955-06-29,1955-11-03,2
683,4,האוצר,39,שר,1955-06-29,1955-11-03,2
684,6,הביטחון,39,שר,1955-06-29,1955-11-03,2
685,140,העבודה,57,שרה,1955-06-29,1955-11-03,2
684,6,הביטחון,39,שר,1955-02-21,1955-06-29,2
188,139,הפיתוח,39,שר,1954-01-26,1955-06-29,2
277,28,ראש הממשלה,39,שר,1954-01-26,1955-06-29,2
288,143,הדואר,39,שר,1954-01-26,1955-06-29,2
318,24,"התעשיה, המסחר והתעסוקה",39,שר,1954-01-26,1955-06-29,2
363,9,החינוך,39,שר,1954-01-26,1955-06-29,2
529,120,החקלאות,39,שר,1954-01-26,1955-06-29,2
544,16,התחבורה התשתיות הלאומיות והבטיחות בדרכים,39,שר,1954-01-26,1955-06-29,2
548,19,הבריאות,39,שר,1954-01-26,1955-06-29,2
615,13,המשפטים,39,שר,1954-01-26,1955-06-29,2
620,15,הפנים,39,שר,1954-01-26,1955-06-29,2
643,123,המשטרה,39,שר,1954-01-26,1955-06-29,2
663,135,הסעד,39,שר,1954-01-26,1955-06-29,2
663,141,הדתות,39,שר,1954-01-26,1955-06-29,2
672,8,החוץ,39,שר,1954-01-26,1955-06-29,2
672,28,ראש הממשלה,45,ראש הממשלה,1954-01-26,1955-06-29,2
683,4,האוצר,39,שר,1954-01-26,1955-06-29,2
685,140,העבודה,57,שרה,1954-01-26,1955-06-29,2
468,6,הביטחון,39,שר,1954-01-26,1955-02-21,3
188,139,הפיתוח,39,שר,1953-06-15,1954-01-26,2
548,19,הבריאות,39,שר,1952-12-29,1954-01-26,2
544,16,התחבורה התשתיות הלאומיות והבטיחות בדרכים,39,שר,1952-12-29,1953-12-29,2
288,143,הדואר,39,שר,1952-12-24,1954-01-26,2
363,9,החינוך,39,שר,1952-12-24,1954-01-26,2
456,9,החינוך,40,סגן שר,1952-12-24,1954-01-26,2
468,28,ראש הממשלה,39,שר,1952-12-24,1954-01-26,2
615,13,המשפטים,39,שר,1952-12-24,1954-01-26,2
620,15,הפנים,39,שר,1952-12-24,1954-01-26,2
643,123,המשטרה,39,שר,1952-12-24,1954-01-26,2
663,135,הסעד,39,שר,1952-12-24,1954-01-26,2
663,141,הדתות,39,שר,1952-12-24,1954-01-26,2
672,8,החוץ,39,שר,1952-12-24,1954-01-26,2
683,4,האוצר,39,שר,1952-12-24,1954-01-26,2
684,28,ראש הממשלה,45,ראש הממשלה,1952-12-24,1954-01-26,2
684,6,הביטחון,39,שר,1952-12-24,1954-01-26,2
685,140,העבודה,57,שרה,1952-12-24,1954-01-26,2
188,28,ראש הממשלה,39,שר,1952-12-24,1953-06-15,2
548,16,התחבורה התשתיות הלאומיות והבטיחות בדרכים,39,שר,1952-12-24,1952-12-29,2
517,143,הדואר,39,שר,1952-11-03,1952-12-24,2
468,28,ראש הממשלה,39,שר,1952-08-18,1952-12-24,2
684,16,התחבורה התשתיות הלאומיות והבטיחות בדרכים,39,שר,1952-08-14,1952-12-22,2
268,120,החקלאות,40,סגן שר,1952-07-09,1952-12-24,2
529,120,החקלאות,39,שר,1952-06-25,1952-12-24,2
683,4,האוצר,39,שר,1952-06-25,1952-12-24,2
699,13,המשפטים,39,שר,1952-06-25,1952-12-22,2
606,28,ראש הממשלה,39,שר,1952-06-25,1952-07-13,2
606,28,ראש הממשלה,50,סגן ראש הממשלה,1952-06-25,1952-07-13,2
456,9,החינוך,40,סגן שר,1951-11-04,1952-02-24,2
188,13,המשפטים,39,שר,1951-10-08,1952-12-24,2
188,24,"התעשיה, המסחר והתעסוקה",39,שר,1951-10-08,1952-12-24,2
288,19,הבריאות,39,שר,1951-10-08,1952-12-24,2
363,9,החינוך,39,שר,1951-10-08,1952-12-24,2
643,123,המשטרה,39,שר,1951-10-08,1952-12-24,2
663,141,הדתות,39,שר,1951-10-08,1952-12-24,2
663,15,הפנים,39,שר,1951-10-08,1952-12-24,2
672,8,החוץ,39,שר,1951-10-08,1952-12-24,2
683,120,החקלאות,39,שר,1951-10-08,1952-12-24,2
683,139,הפיתוח,39,שר,1951-10-08,1952-12-24,2
684,28,ראש הממשלה,45,ראש הממשלה,1951-10-08,1952-12-24,2
684,6,הביטחון,39,שר,1951-10-08,1952-12-24,2
685,140,העבודה,57,שרה,1951-10-08,1952-12-24,2
477,135,הסעד,39,שר,1951-10-08,1952-09-18,2
571,16,התחבורה התשתיות הלאומיות והבטיחות בדרכים,39,שר,1951-10-08,1952-08-14,2
529,28,ראש הממשלה,39,שר,1951-10-08,1952-06-25,2
606,4,האוצר,39,שר,1951-10-08,1952-06-25,2
188,16,התחבורה התשתיות הלאומיות והבטיחות בדרכים,39,שר,1950-11-01,1951-10-08,1
468,120,החקלאות,39,שר,1950-11-01,1951-10-08,1
477,135,הסעד,39,שר,1950-11-01,1951-10-08,1
503,138,לנפגעי מלחמה,39,שר,1950-11-01,1951-10-08,1
503,141,הדתות,39,שר,1950-11-01,1951-10-08,1
606,4,האוצר,39,שר,1950-11-01,1951-10-08,1
615,13,המשפטים,39,שר,1950-11-01,1951-10-08,1
643,123,המשטרה,39,שר,1950-11-01,1951-10-08,1
663,19,הבריאות,39,שר,1950-11-01,1951-10-08,1
663,2,לקליטת העלייה,39,שר,1950-11-01,1951-10-08,1
663,15,הפנים,39,שר,1950-11-01,1951-10-08,1
672,8,החוץ,39,שר,1950-11-01,1951-10-08,1
684,28,ראש הממשלה,45,ראש הממשלה,1950-11-01,1951-10-08,2
684,6,הביטחון,39,שר,1950-11-01,1951-10-08,2
685,140,העבודה,57,שרה,1950-11-01,1951-10-08,1
698,24,"התעשיה, המסחר והתעסוקה",39,שר,1950-11-01,1951-10-08,1
628,9,החינוך,39,שר,1950-11-01,1951-05-19,1
188,260,הקיצוב וההספקה,39,שר,1949-03-10,1950-11-01,1
477,135,הסעד,39,שר,1949-03-10,1950-11-01,1
503,138,לנפגעי מלחמה,39,שר,1949-03-10,1950-11-01,1
503,141,הדתות,39,שר,1949-03-10,1950-11-01,1
606,4,האוצר,39,שר,1949-03-10,1950-11-01,1
606,24,"התעשיה, המסחר והתעסוקה",39,שר,1949-03-10,1950-11-01,1
615,13,המשפטים,39,שר,1949-03-10,1950-11-01,1
628,16,התחבורה התשתיות הלאומיות והבטיחות בדרכים,39,שר,1949-03-10,1950-11-01,1
643,123,המשטרה,39,שר,1949-03-10,1950-11-01,1
663,2,לקליטת העלייה,39,שר,1949-03-10,1950-11-01,1
663,15,הפנים,39,שר,1949-03-10,1950-11-01,1
663,19,הבריאות,39,שר,1949-03-10,1950-11-01,1
672,8,החוץ,39,שר,1949-03-10,1950-11-01,1
681,9,החינוך,39,שר,1949-03-10,1950-11-01,1
684,6,הביטחון,39,שר,1949-03-10,1950-11-01,1
684,28,ראש הממשלה,45,ראש הממשלה,1949-03-10,1950-11-01,1
685,145,העבודה וביטוח עממי,57,שרה,1949-03-10,1950-11-01,1
305,140,העבודה,39,שר,1948-05-04,1949-02-10,0
305,7,הבינוי והשיכון,39,שר,1948-05-04,1949-02-10,0
318,24,"התעשיה, המסחר והתעסוקה",39,שר,1948-05-04,1949-02-10,0
477,135,הסעד,39,שר,1948-05-04,1949-02-10,0
590,120,החקלאות,39,שר,1948-05-04,1949-02-10,0
606,4,האוצר,39,שר,1948-05-04,1949-02-10,0
628,16,התחבורה התשתיות הלאומיות והבטיחות בדרכים,39,שר,1948-05-04,1949-02-10,0
643,123,המשטרה,39,שר,1948-05-04,1949-02-10,0
663,19,הבריאות,39,שר,1948-05-04,1949-02-10,0
663,2,לקליטת העלייה,39,שר,1948-05-04,1949-02-10,0
672,8,החוץ,39,שר,1948-05-04,1949-02-10,0
684,28,ראש הממשלה,45,ראש הממשלה,1948-05-04,1949-02-10,0
684,6,הביטחון,39,שר,1948-05-04,1949-02-10,0
